/*
SQLyog Community v12.09 (64 bit)
MySQL - 5.6.35-log : Database - nce_db
*********************************************************************
*/

/*!40101 SET NAMES utf8 */;

/*!40101 SET SQL_MODE=''*/;

/*!40014 SET @OLD_UNIQUE_CHECKS=@@UNIQUE_CHECKS, UNIQUE_CHECKS=0 */;
/*!40014 SET @OLD_FOREIGN_KEY_CHECKS=@@FOREIGN_KEY_CHECKS, FOREIGN_KEY_CHECKS=0 */;
/*!40101 SET @OLD_SQL_MODE=@@SQL_MODE, SQL_MODE='NO_AUTO_VALUE_ON_ZERO' */;
/*!40111 SET @OLD_SQL_NOTES=@@SQL_NOTES, SQL_NOTES=0 */;
CREATE DATABASE /*!32312 IF NOT EXISTS*/`nce_db` /*!40100 DEFAULT CHARACTER SET utf8 */;

USE `nce_db`;

/*Data for the table `emp_customer_table` */

insert  into `emp_customer_table`(`id`,`name`,`address`,`phone`,`alternate_number`,`email_id`) values (1,'sandeep','kp','9765896417',NULL,NULL),(2,'aloone','ronney ka ghar','2139021830',NULL,NULL),(3,'KALAMAN','KALA KA GHAR','1232131231',NULL,NULL),(4,'AILA MAN','KELAM','2132131232',NULL,NULL),(5,'LLSADLLL','SALDAS;D','2110932310',NULL,NULL),(6,'SALAAM','SA AREA','9876541235',NULL,NULL),(7,'asdas','','213213132213',NULL,NULL),(8,'testMeMan','comeHere','987812376',NULL,NULL),(9,'SAMPLENAME','','9721312378',NULL,NULL),(10,'ketan','','987213673247',NULL,NULL),(11,'ketan V','Pune','765412389',NULL,NULL),(12,'NILESH LANDE','PUNE','9800000001',NULL,NULL),(13,'AssMe','KO','7878787878787',NULL,NULL),(14,'SUDHIR','PUNE','8999587432',NULL,NULL),(15,'SASDN','ADSADASDASD','1231231231',NULL,NULL),(16,'SUDHIR NAIK','KOTHRUD','9921008559',NULL,NULL),(17,'SUDHIR NAIK','KOTHRUD','9921008559',NULL,NULL),(18,'SUDHIR NAIK','KOTHRUD','9921008559',NULL,NULL),(19,'KELA MAN','KOTHRUD','9921008559',NULL,NULL),(20,'KELA MAN','KOTHRUD','9921008559',NULL,NULL),(21,'KELA MAN','KOTHRUD','9921008559',NULL,NULL),(22,'SUDHIR NAIK','KOTHRUD','9921008559',NULL,NULL),(23,'SUDHIR NAIK','KOTHRUD','9921008559',NULL,NULL),(24,'SUDHIR NAIK','KOTHRUD','9921008559',NULL,NULL),(25,'SUDHIR NAIK','KOTHRUD','9921008559',NULL,NULL),(26,'SUDHIR NAIK','KOTHRUD','9921008559',NULL,NULL),(27,'SUDHIR NAIK','KOTHRUD','9921008559',NULL,NULL);

/*Data for the table `emp_product_table` */

insert  into `emp_product_table`(`id`,`brandName`,`brandModel`,`serialNumber`,`price`,`tax_type`,`stockQuantity`,`isService`) values (1,'NNN','21321','3432432',1900,'VAT-1',NULL,0),(2,'kksadasdsa','213324','324234',90000,'VAT-2',NULL,0),(3,'asdas','asdad','asdas',324,'NONE',NULL,0),(4,'ABCName','ABCModel','ABCSN',3400,'NONE',NULL,0),(5,'aaaaaaaaaaaaa','','SN',123000,'GST',NULL,0),(6,'BaikoMan','BaikoModel','BaikoSN',12000,'GST',NULL,0),(7,'Brand','MN','SN',1223,'GST',NULL,0),(8,'nikonCamera','nik02139','SN213213',200,'0',NULL,0),(9,'nikonEBS','EBS9090','SN909123212131',15000,'0',NULL,0),(10,'sampleBRand','SamMN001','sampleSN0001',12000,'0',NULL,0),(11,'asd','sa','asd',1,'0',NULL,0);

/*Data for the table `payment_details_table` */

insert  into `payment_details_table`(`id`,`cash`,`cheqNo`,`bankName`,`ifscCode`,`cheqDate`,`accountNo`,`cardNo`,`invoice_id`,`invoice_tin`,`amount`,`onlinePaymentMode`,`onlineTransactionId`,`onlineRemark`,`cardExpiryDate`,`cardNetwork`,`cardBank`,`final_cash`,`final_cheqNo`,`final_cheqDate`,`final_bankName`,`final_cardNo`,`final_cardNetwork`,`final_onlinePaymentMode`,`final_onlineTransactionId`,`final_onlineRemark`,`final_amount`) values (1,NULL,NULL,NULL,NULL,NULL,NULL,NULL,'1','',361900.00,NULL,NULL,NULL,NULL,NULL,NULL,NULL,NULL,NULL,NULL,NULL,NULL,NULL,NULL,NULL,NULL),(2,NULL,NULL,NULL,NULL,NULL,NULL,NULL,'CE/2017-18/2','2763039355V',6804.00,NULL,NULL,NULL,NULL,NULL,NULL,'123123',NULL,NULL,NULL,NULL,NULL,NULL,NULL,NULL,NULL),(3,NULL,'SamplePain',NULL,NULL,NULL,NULL,NULL,NULL,'2763039355V',13600.00,'SampleMan','TestMan','CE/2017-18/7',NULL,NULL,NULL,NULL,NULL,NULL,NULL,NULL,NULL,NULL,NULL,NULL,NULL),(4,NULL,'SSS',NULL,NULL,NULL,NULL,NULL,NULL,'2763039355V',1566000.00,'213123','ggg','CE/2017-18/8',NULL,NULL,NULL,NULL,NULL,NULL,NULL,NULL,NULL,NULL,NULL,NULL,NULL),(5,NULL,'PayTNM',NULL,NULL,NULL,NULL,NULL,NULL,'2763039355V',144000.00,'SampleMan','Mkasd','CE/2017-18/9',NULL,NULL,NULL,NULL,NULL,NULL,NULL,NULL,NULL,NULL,NULL,NULL,NULL),(6,NULL,'PayTM',NULL,NULL,NULL,NULL,NULL,NULL,'2763039355V',150429.00,'###TransactionID','##Remark','CE/2017-18/10',NULL,NULL,NULL,NULL,NULL,NULL,NULL,NULL,NULL,NULL,NULL,NULL,NULL),(7,NULL,'###Paytm',NULL,NULL,NULL,NULL,NULL,NULL,'2763039355V',1223.00,'##1244','##Rema','CE/2017-18/11',NULL,NULL,NULL,NULL,NULL,NULL,NULL,NULL,NULL,NULL,NULL,NULL,NULL),(8,NULL,'1234','SBI',NULL,'12/12/2345',NULL,NULL,'CE/2017-18/12','2763039355V',324.00,NULL,NULL,NULL,NULL,NULL,NULL,NULL,NULL,NULL,NULL,NULL,NULL,NULL,NULL,NULL,NULL),(9,NULL,'sampleMan','SBI',NULL,'123231',NULL,NULL,'CE/2017-18/13','2763039355V',1296.00,NULL,NULL,NULL,NULL,NULL,NULL,NULL,NULL,NULL,NULL,NULL,NULL,NULL,NULL,NULL,NULL),(10,NULL,'payTmMan',NULL,NULL,NULL,NULL,NULL,NULL,'2763039355V',324.00,'sampleMan','Extra','CE/2017-18/15',NULL,NULL,NULL,NULL,NULL,NULL,NULL,NULL,NULL,NULL,NULL,NULL,NULL),(11,NULL,'32424324',NULL,NULL,NULL,NULL,NULL,NULL,'2763039355V',3888.00,'sadasd','asdasdasd','CE/2017-18/16',NULL,NULL,NULL,NULL,NULL,NULL,NULL,NULL,NULL,NULL,NULL,NULL,NULL),(12,NULL,'asdsad',NULL,NULL,NULL,NULL,NULL,NULL,'2763039355V',90000.00,'asdsad','asdsad','CE/2017-18/17',NULL,NULL,NULL,NULL,NULL,NULL,NULL,NULL,NULL,NULL,NULL,NULL,NULL),(13,NULL,NULL,NULL,NULL,NULL,NULL,NULL,'CE/2017-18/18','2763039355V',324.00,NULL,NULL,NULL,NULL,NULL,NULL,NULL,NULL,NULL,NULL,NULL,NULL,NULL,NULL,NULL,NULL),(14,NULL,NULL,NULL,NULL,NULL,NULL,NULL,'CE/2017-18/19','2763039355V',90000.00,NULL,NULL,NULL,NULL,NULL,NULL,NULL,NULL,NULL,NULL,NULL,NULL,NULL,NULL,NULL,NULL),(15,NULL,NULL,NULL,NULL,NULL,NULL,NULL,'CE/2017-18/20','2763039355V',324.00,NULL,NULL,NULL,NULL,NULL,NULL,NULL,NULL,NULL,NULL,NULL,NULL,NULL,NULL,NULL,NULL),(16,NULL,NULL,NULL,NULL,NULL,NULL,NULL,'CE/2017-18/21','2763039355V',324.00,NULL,NULL,NULL,NULL,NULL,NULL,NULL,NULL,NULL,NULL,NULL,NULL,NULL,NULL,NULL,NULL),(17,NULL,NULL,NULL,NULL,NULL,NULL,NULL,'CE/2017-18/22','2763039355V',90000.00,NULL,NULL,NULL,NULL,NULL,NULL,NULL,NULL,NULL,NULL,NULL,NULL,NULL,NULL,NULL,NULL),(18,NULL,'asdasd',NULL,NULL,NULL,NULL,NULL,NULL,'2763039355V',90000.00,'asdsad','asdasd','CE/2017-18/23',NULL,NULL,NULL,NULL,NULL,NULL,NULL,NULL,NULL,NULL,NULL,NULL,NULL),(19,NULL,'paytm',NULL,NULL,NULL,NULL,NULL,NULL,'2763039355V',324.00,'as213213','lasd;asdasd','CE/2017-18/24',NULL,NULL,NULL,NULL,NULL,NULL,NULL,NULL,NULL,NULL,NULL,NULL,NULL),(20,NULL,'12321312321',NULL,NULL,NULL,NULL,NULL,NULL,'2763039355V',324.00,'12321321213','12321312312312','CE/2017-18/25',NULL,NULL,NULL,NULL,NULL,NULL,NULL,NULL,NULL,NULL,NULL,NULL,NULL),(21,NULL,'213213123213',NULL,NULL,NULL,NULL,NULL,NULL,'2763039355V',324.00,'asdsadasd','213213','CE/2017-18/26',NULL,NULL,NULL,NULL,NULL,NULL,NULL,NULL,NULL,NULL,NULL,NULL,NULL),(22,NULL,'paymerer',NULL,NULL,NULL,NULL,NULL,NULL,'2763039355V',324.00,'sadm,asnd,masndd','sadsdasd','CE/2017-18/27',NULL,NULL,NULL,NULL,NULL,NULL,NULL,NULL,NULL,NULL,NULL,NULL,NULL),(23,NULL,'paytm',NULL,NULL,NULL,NULL,NULL,NULL,'2763039355V',324.00,'8983248274932','some remark','CE/2017-18/28',NULL,NULL,NULL,NULL,NULL,NULL,NULL,NULL,NULL,NULL,NULL,NULL,NULL),(24,NULL,NULL,NULL,NULL,NULL,NULL,NULL,'CE/2017-18/29','2763039355V',90000.00,NULL,NULL,NULL,NULL,NULL,NULL,NULL,NULL,NULL,NULL,NULL,NULL,NULL,NULL,NULL,NULL),(25,NULL,NULL,NULL,NULL,NULL,NULL,NULL,'CE/2017-18/30','2763039355V',90000.00,NULL,NULL,NULL,NULL,NULL,NULL,NULL,NULL,NULL,NULL,NULL,NULL,NULL,NULL,NULL,NULL),(26,NULL,NULL,NULL,NULL,NULL,NULL,NULL,'CE/2017-18/31','2763039355V',2400.00,NULL,NULL,NULL,NULL,NULL,NULL,NULL,NULL,NULL,NULL,NULL,NULL,NULL,NULL,NULL,NULL),(27,NULL,NULL,NULL,NULL,NULL,NULL,NULL,'CE/2017-18/32','2763039355V',90000.00,NULL,NULL,NULL,NULL,NULL,NULL,NULL,NULL,NULL,NULL,NULL,NULL,NULL,NULL,NULL,NULL),(28,NULL,NULL,NULL,NULL,NULL,NULL,NULL,'CE/2017-18/33','2763039355V',30000.00,NULL,NULL,NULL,NULL,NULL,NULL,NULL,NULL,NULL,NULL,NULL,NULL,NULL,NULL,NULL,NULL),(29,NULL,NULL,NULL,NULL,NULL,NULL,NULL,'CE/2017-18/34','2763039355V',90000.00,NULL,NULL,NULL,NULL,NULL,NULL,NULL,NULL,NULL,NULL,NULL,NULL,NULL,NULL,NULL,NULL),(30,NULL,NULL,'',NULL,NULL,NULL,'','CE/2017-18/35','2763039355V',12000.00,NULL,NULL,NULL,NULL,NULL,NULL,NULL,NULL,NULL,NULL,NULL,NULL,NULL,NULL,NULL,NULL),(31,NULL,NULL,'',NULL,NULL,NULL,'','CE/2017-18/36','2763039355V',90000.00,NULL,NULL,NULL,NULL,NULL,NULL,NULL,NULL,NULL,NULL,NULL,NULL,NULL,NULL,NULL,NULL),(32,NULL,NULL,'',NULL,NULL,NULL,'','CE/2017-18/37','2763039355V',3244544.00,NULL,NULL,NULL,NULL,NULL,NULL,NULL,NULL,NULL,NULL,NULL,NULL,NULL,NULL,NULL,NULL),(33,NULL,NULL,NULL,NULL,NULL,NULL,NULL,'CE/2017-18/38','2763039355V',324.00,NULL,NULL,NULL,NULL,NULL,NULL,NULL,NULL,NULL,NULL,NULL,NULL,NULL,NULL,NULL,NULL),(34,NULL,NULL,NULL,NULL,NULL,NULL,NULL,'CE/2017-18/39','2763039355V',90000.00,NULL,NULL,NULL,NULL,NULL,NULL,NULL,NULL,NULL,NULL,NULL,NULL,NULL,NULL,NULL,NULL),(35,NULL,NULL,NULL,NULL,NULL,NULL,NULL,'CE/2017-18/40','2763039355V',90000.00,NULL,NULL,NULL,NULL,NULL,NULL,NULL,NULL,NULL,NULL,NULL,NULL,NULL,NULL,NULL,NULL),(36,NULL,NULL,NULL,NULL,NULL,NULL,NULL,'CE/2017-18/41','2763039355V',324.00,NULL,NULL,NULL,NULL,NULL,NULL,NULL,NULL,NULL,NULL,NULL,NULL,NULL,NULL,NULL,NULL),(37,NULL,NULL,'',NULL,NULL,NULL,'','CE/2017-18/42','2763039355V',90000.00,NULL,NULL,NULL,NULL,NULL,NULL,NULL,NULL,NULL,NULL,NULL,NULL,NULL,NULL,NULL,NULL),(38,NULL,NULL,'',NULL,NULL,NULL,'','CE/2017-18/43','2763039355V',90000.00,NULL,NULL,NULL,NULL,NULL,NULL,NULL,NULL,NULL,NULL,NULL,NULL,NULL,NULL,NULL,NULL),(39,NULL,NULL,'',NULL,NULL,NULL,'','CE/2017-18/44','2763039355V',324.00,NULL,NULL,NULL,NULL,NULL,NULL,NULL,NULL,NULL,NULL,NULL,NULL,NULL,NULL,NULL,NULL),(40,NULL,NULL,'',NULL,NULL,NULL,'','CE/2017-18/45','2763039355V',90000.00,NULL,NULL,NULL,NULL,NULL,NULL,NULL,NULL,NULL,NULL,NULL,NULL,NULL,NULL,NULL,NULL),(41,NULL,NULL,NULL,NULL,NULL,NULL,NULL,'CE/2017-18/46','2763039355V',324.00,NULL,NULL,NULL,NULL,NULL,NULL,NULL,NULL,NULL,NULL,NULL,NULL,NULL,NULL,NULL,NULL),(42,NULL,NULL,NULL,NULL,NULL,NULL,NULL,'CE/2017-18/47','2763039355V',90000.00,NULL,NULL,NULL,NULL,NULL,NULL,NULL,NULL,NULL,NULL,NULL,NULL,NULL,NULL,NULL,NULL),(43,NULL,'Paytm',NULL,NULL,NULL,NULL,NULL,NULL,'2763039355V',12000.00,'2138921T','EXTRA','NCE/2017-18/113',NULL,NULL,NULL,NULL,NULL,NULL,NULL,NULL,NULL,NULL,NULL,NULL,NULL),(44,NULL,'Paytm alaa re baba',NULL,NULL,NULL,NULL,NULL,NULL,'2763039355V',12000.00,'2138921T','EXTRA','NCE/2017-18/114',NULL,NULL,NULL,NULL,NULL,NULL,NULL,NULL,NULL,NULL,NULL,NULL,NULL),(45,NULL,NULL,NULL,NULL,NULL,NULL,NULL,'NCE/2017-18/115','2763039355V',12000.00,'Hallaa Paytm alaa re baba','2138921T','EXTRA',NULL,NULL,NULL,'123213.0','','','','','','','','','213111216'),(46,NULL,NULL,'yeh bank kaunsa',NULL,NULL,NULL,'yeh card laimsa','NCE/2017-18/117','2763039355V',9222.00,NULL,NULL,NULL,NULL,NULL,NULL,NULL,NULL,NULL,NULL,NULL,NULL,NULL,NULL,NULL,NULL),(47,NULL,NULL,'',NULL,NULL,NULL,'','CE/2017-18/49','2763039355V',1.00,NULL,NULL,NULL,NULL,NULL,NULL,NULL,NULL,NULL,NULL,NULL,NULL,NULL,NULL,NULL,NULL),(48,NULL,NULL,'432234',NULL,NULL,NULL,'213213123','CE/2017-18/50','2763039355V',90000.00,NULL,NULL,NULL,NULL,NULL,NULL,NULL,NULL,NULL,NULL,NULL,NULL,NULL,NULL,NULL,NULL),(49,NULL,NULL,NULL,NULL,NULL,NULL,'yeh card laimsa','NCE/2017-18/118','2763039355V',9222.00,NULL,NULL,NULL,NULL,'CARD NETWORK',NULL,NULL,NULL,NULL,NULL,NULL,NULL,NULL,NULL,NULL,NULL),(50,NULL,'Cheq2130192312','CheqBankName',NULL,'che213213',NULL,NULL,'NCE/2017-18/119','2763039355V',0.00,NULL,NULL,NULL,NULL,NULL,NULL,NULL,NULL,NULL,NULL,NULL,NULL,NULL,NULL,NULL,NULL),(51,NULL,'Cheq2130192312','CheqBankName',NULL,'che213213',NULL,NULL,'NCE/2017-18/120','2763039355V',0.00,NULL,NULL,NULL,NULL,NULL,NULL,NULL,NULL,NULL,NULL,NULL,NULL,NULL,NULL,NULL,NULL);

/*Data for the table `repair_invoice_table` */

insert  into `repair_invoice_table`(`id`,`actualInvoiceId`,`defaultValue`,`vat_tin_number`) values (1,'1','NCE/2017-18/','2763039355V'),(2,'NCE/2017-18/2','NCE/2017-18/','2763039355V'),(3,'NCE/2017-18/3','NCE/2017-18/','2763039355V'),(4,'NCE/2017-18/4','NCE/2017-18/','2763039355V'),(5,'NCE/2017-18/5','NCE/2017-18/','2763039355V'),(6,'NCE/2017-18/6','NCE/2017-18/','2763039355V'),(7,'NCE/2017-18/7','NCE/2017-18/','2763039355V'),(8,'NCE/2017-18/8','NCE/2017-18/','2763039355V'),(9,'NCE/2017-18/9','NCE/2017-18/','2763039355V'),(10,'NCE/2017-18/10','NCE/2017-18/','2763039355V'),(11,'NCE/2017-18/11','NCE/2017-18/','2763039355V'),(12,'NCE/2017-18/12','NCE/2017-18/','2763039355V'),(13,'NCE/2017-18/13','NCE/2017-18/','2763039355V'),(14,'NCE/2017-18/14','NCE/2017-18/','2763039355V'),(15,'NCE/2017-18/15','NCE/2017-18/','2763039355V'),(16,'NCE/2017-18/16','NCE/2017-18/','2763039355V'),(17,'NCE/2017-18/17','NCE/2017-18/','2763039355V'),(18,'NCE/2017-18/18','NCE/2017-18/','2763039355V'),(19,'NCE/2017-18/19','NCE/2017-18/','2763039355V'),(20,'NCE/2017-18/20','NCE/2017-18/','2763039355V'),(21,'NCE/2017-18/21','NCE/2017-18/','2763039355V'),(22,'NCE/2017-18/22','NCE/2017-18/','2763039355V'),(23,'NCE/2017-18/23','NCE/2017-18/','2763039355V'),(24,'NCE/2017-18/24','NCE/2017-18/','2763039355V'),(25,'NCE/2017-18/25','NCE/2017-18/','2763039355V'),(26,'NCE/2017-18/26','NCE/2017-18/','2763039355V'),(27,'NCE/2017-18/27','NCE/2017-18/','2763039355V'),(28,'NCE/2017-18/28','NCE/2017-18/','2763039355V'),(29,'NCE/2017-18/29','NCE/2017-18/','2763039355V'),(30,'NCE/2017-18/30','NCE/2017-18/','2763039355V'),(31,'NCE/2017-18/31','NCE/2017-18/','2763039355V'),(32,'NCE/2017-18/32','NCE/2017-18/','2763039355V'),(33,'NCE/2017-18/33','NCE/2017-18/','2763039355V'),(34,'NCE/2017-18/34','NCE/2017-18/','2763039355V'),(35,'NCE/2017-18/35','NCE/2017-18/','2763039355V'),(36,'NCE/2017-18/36','NCE/2017-18/','2763039355V'),(37,'NCE/2017-18/37','NCE/2017-18/','2763039355V'),(38,'NCE/2017-18/38','NCE/2017-18/','2763039355V'),(39,'NCE/2017-18/39','NCE/2017-18/','2763039355V'),(40,'NCE/2017-18/40','NCE/2017-18/','2763039355V'),(41,'NCE/2017-18/41','NCE/2017-18/','2763039355V'),(42,'NCE/2017-18/42','NCE/2017-18/','2763039355V'),(43,'NCE/2017-18/43','NCE/2017-18/','2763039355V'),(44,'NCE/2017-18/44','NCE/2017-18/','2763039355V'),(45,'NCE/2017-18/45','NCE/2017-18/','2763039355V'),(46,'NCE/2017-18/46','NCE/2017-18/','2763039355V'),(47,'NCE/2017-18/47','NCE/2017-18/','2763039355V'),(48,'NCE/2017-18/48','NCE/2017-18/','2763039355V'),(49,'NCE/2017-18/49','NCE/2017-18/','2763039355V'),(50,'NCE/2017-18/50','NCE/2017-18/','2763039355V'),(51,'NCE/2017-18/51','NCE/2017-18/','2763039355V'),(52,'NCE/2017-18/52','NCE/2017-18/','2763039355V'),(53,'NCE/2017-18/53','NCE/2017-18/','2763039355V'),(54,'NCE/2017-18/54','NCE/2017-18/','2763039355V'),(55,'NCE/2017-18/55','NCE/2017-18/','2763039355V'),(56,'NCE/2017-18/56','NCE/2017-18/','2763039355V'),(57,'NCE/2017-18/57','NCE/2017-18/','2763039355V'),(58,'NCE/2017-18/58','NCE/2017-18/','2763039355V'),(59,'NCE/2017-18/59','NCE/2017-18/','2763039355V'),(60,'NCE/2017-18/60','NCE/2017-18/','2763039355V'),(61,'NCE/2017-18/61','NCE/2017-18/','2763039355V'),(62,'NCE/2017-18/62','NCE/2017-18/','2763039355V'),(63,'NCE/2017-18/63','NCE/2017-18/','2763039355V'),(64,'NCE/2017-18/64','NCE/2017-18/','2763039355V'),(65,'NCE/2017-18/65','NCE/2017-18/','2763039355V'),(66,'NCE/2017-18/66','NCE/2017-18/','2763039355V'),(67,'NCE/2017-18/67','NCE/2017-18/','2763039355V'),(68,'NCE/2017-18/68','NCE/2017-18/','2763039355V'),(69,'NCE/2017-18/69','NCE/2017-18/','2763039355V'),(70,'NCE/2017-18/70','NCE/2017-18/','2763039355V'),(71,'NCE/2017-18/71','NCE/2017-18/','2763039355V'),(72,'NCE/2017-18/72','NCE/2017-18/','2763039355V'),(73,'NCE/2017-18/73','NCE/2017-18/','2763039355V'),(74,'NCE/2017-18/74','NCE/2017-18/','2763039355V'),(75,'NCE/2017-18/75','NCE/2017-18/','2763039355V'),(76,'NCE/2017-18/76','NCE/2017-18/','2763039355V'),(77,'NCE/2017-18/77','NCE/2017-18/','2763039355V'),(78,'NCE/2017-18/78','NCE/2017-18/','2763039355V'),(79,'NCE/2017-18/79','NCE/2017-18/','2763039355V'),(80,'NCE/2017-18/80','NCE/2017-18/','2763039355V'),(81,'NCE/2017-18/81','NCE/2017-18/','2763039355V'),(82,'NCE/2017-18/82','NCE/2017-18/','2763039355V'),(83,'NCE/2017-18/83','NCE/2017-18/','2763039355V'),(84,'NCE/2017-18/84','NCE/2017-18/','2763039355V'),(85,'NCE/2017-18/85','NCE/2017-18/','2763039355V'),(86,'NCE/2017-18/86','NCE/2017-18/','2763039355V'),(87,'NCE/2017-18/87','NCE/2017-18/','2763039355V'),(88,'NCE/2017-18/88','NCE/2017-18/','2763039355V'),(89,'NCE/2017-18/89','NCE/2017-18/','2763039355V'),(90,'NCE/2017-18/90','NCE/2017-18/','2763039355V'),(91,'NCE/2017-18/91','NCE/2017-18/','2763039355V'),(92,'NCE/2017-18/92','NCE/2017-18/','2763039355V'),(93,'NCE/2017-18/93','NCE/2017-18/','2763039355V'),(94,'NCE/2017-18/94','NCE/2017-18/','2763039355V'),(95,'NCE/2017-18/95','NCE/2017-18/','2763039355V'),(96,'NCE/2017-18/96','NCE/2017-18/','2763039355V'),(97,'NCE/2017-18/97','NCE/2017-18/','2763039355V'),(98,'NCE/2017-18/98','NCE/2017-18/','2763039355V'),(99,'NCE/2017-18/99','NCE/2017-18/','2763039355V'),(100,'NCE/2017-18/100','NCE/2017-18/','2763039355V'),(101,'NCE/2017-18/101','NCE/2017-18/','2763039355V'),(102,'NCE/2017-18/102','NCE/2017-18/','2763039355V'),(103,'NCE/2017-18/103','NCE/2017-18/','2763039355V'),(104,'NCE/2017-18/104','NCE/2017-18/','2763039355V'),(105,'NCE/2017-18/105','NCE/2017-18/','2763039355V'),(106,'NCE/2017-18/106','NCE/2017-18/','2763039355V'),(107,'NCE/2017-18/107','NCE/2017-18/','2763039355V'),(108,'NCE/2017-18/108','NCE/2017-18/','2763039355V'),(109,'NCE/2017-18/109','NCE/2017-18/','2763039355V'),(110,'NCE/2017-18/110','NCE/2017-18/','2763039355V'),(111,'NCE/2017-18/111','NCE/2017-18/','2763039355V'),(112,'NCE/2017-18/112','NCE/2017-18/','2763039355V'),(113,'NCE/2017-18/113','NCE/2017-18/','2763039355V'),(114,'NCE/2017-18/114','NCE/2017-18/','2763039355V'),(115,'NCE/2017-18/115','NCE/2017-18/','2763039355V'),(116,'NCE/2017-18/116','NCE/2017-18/','2763039355V'),(117,'NCE/2017-18/117','NCE/2017-18/','2763039355V'),(118,'NCE/2017-18/118','NCE/2017-18/','2763039355V'),(119,'NCE/2017-18/119','NCE/2017-18/','2763039355V'),(120,'NCE/2017-18/120','NCE/2017-18/','2763039355V');

/*Data for the table `sales_invoice_table` */

insert  into `sales_invoice_table`(`id`,`actualInvoiceId`,`defaultValue`,`vat_tin_number`) values (1,'1','CE/2017-18/','2763039355V'),(2,'CE/2017-18/2','CE/2017-18/','2763039355V'),(3,'CE/2017-18/3','CE/2017-18/','2763039355V'),(4,'CE/2017-18/4','CE/2017-18/','2763039355V'),(5,'CE/2017-18/5','CE/2017-18/','2763039355V'),(6,'CE/2017-18/6','CE/2017-18/','2763039355V'),(7,'CE/2017-18/7','CE/2017-18/','2763039355V'),(8,'CE/2017-18/8','CE/2017-18/','2763039355V'),(9,'CE/2017-18/9','CE/2017-18/','2763039355V'),(10,'CE/2017-18/10','CE/2017-18/','2763039355V'),(11,'CE/2017-18/11','CE/2017-18/','2763039355V'),(12,'CE/2017-18/12','CE/2017-18/','2763039355V'),(13,'CE/2017-18/13','CE/2017-18/','2763039355V'),(14,'CE/2017-18/14','CE/2017-18/','2763039355V'),(15,'CE/2017-18/15','CE/2017-18/','2763039355V'),(16,'CE/2017-18/16','CE/2017-18/','2763039355V'),(17,'CE/2017-18/17','CE/2017-18/','2763039355V'),(18,'CE/2017-18/18','CE/2017-18/','2763039355V'),(19,'CE/2017-18/19','CE/2017-18/','2763039355V'),(20,'CE/2017-18/20','CE/2017-18/','2763039355V'),(21,'CE/2017-18/21','CE/2017-18/','2763039355V'),(22,'CE/2017-18/22','CE/2017-18/','2763039355V'),(23,'CE/2017-18/23','CE/2017-18/','2763039355V'),(24,'CE/2017-18/24','CE/2017-18/','2763039355V'),(25,'CE/2017-18/25','CE/2017-18/','2763039355V'),(26,'CE/2017-18/26','CE/2017-18/','2763039355V'),(27,'CE/2017-18/27','CE/2017-18/','2763039355V'),(28,'CE/2017-18/28','CE/2017-18/','2763039355V'),(29,'CE/2017-18/29','CE/2017-18/','2763039355V'),(30,'CE/2017-18/30','CE/2017-18/','2763039355V'),(31,'CE/2017-18/31','CE/2017-18/','2763039355V'),(32,'CE/2017-18/32','CE/2017-18/','2763039355V'),(33,'CE/2017-18/33','CE/2017-18/','2763039355V'),(34,'CE/2017-18/34','CE/2017-18/','2763039355V'),(35,'CE/2017-18/35','CE/2017-18/','2763039355V'),(36,'CE/2017-18/36','CE/2017-18/','2763039355V'),(37,'CE/2017-18/37','CE/2017-18/','2763039355V'),(38,'CE/2017-18/38','CE/2017-18/','2763039355V'),(39,'CE/2017-18/39','CE/2017-18/','2763039355V'),(40,'CE/2017-18/40','CE/2017-18/','2763039355V'),(41,'CE/2017-18/41','CE/2017-18/','2763039355V'),(42,'CE/2017-18/42','CE/2017-18/','2763039355V'),(43,'CE/2017-18/43','CE/2017-18/','2763039355V'),(44,'CE/2017-18/44','CE/2017-18/','2763039355V'),(45,'CE/2017-18/45','CE/2017-18/','2763039355V'),(46,'CE/2017-18/46','CE/2017-18/','2763039355V'),(47,'CE/2017-18/47','CE/2017-18/','2763039355V'),(48,'CE/2017-18/48','CE/2017-18/','2763039355V'),(49,'CE/2017-18/49','CE/2017-18/','2763039355V'),(50,'CE/2017-18/50','CE/2017-18/','2763039355V');

/*Data for the table `sales_order_table` */

insert  into `sales_order_table`(`sale_id`,`invoice_id`,`customer_id`,`product_id`,`product_unit_price`,`product_qty`,`product_price_with_qty`,`tax_type`,`tax_rate`,`order_date`,`tax_amount`,`total_amount`,`tax_value`) values (1,'1','3','1',1900.00,1.00,1643.00,'VAT-1','13.5','2017-06-26 20:34:32',256.00,1900.00,13.00),(2,'1','3','2',90000.00,4.00,340200.00,'VAT-2','5.5','2017-06-26 20:34:32',19800.00,360000.00,5.00),(3,'CE/2017-18/2','7','3',324.00,21.00,6804.00,'NONE','0','2017-09-07 23:26:56',0.00,6804.00,0.00),(4,'CE/2017-18/7','8','4',3400.00,4.00,13600.00,'NONE','0','2017-09-17 06:01:42',0.00,13600.00,0.00),(5,'CE/2017-18/8','1','5',123000.00,12.00,1476000.00,'GST','0','2017-09-17 07:16:42',0.00,1476000.00,0.00),(6,'CE/2017-18/8','1','2',90000.00,1.00,90000.00,'VAT-2','0','2017-09-17 07:16:42',0.00,90000.00,0.00),(7,'CE/2017-18/9','1','6',12000.00,12.00,144000.00,'GST','0','2017-09-24 07:31:55',0.00,144000.00,0.00),(8,'CE/2017-18/10','1','7',1223.00,123.00,150429.00,'GST','0','2017-09-24 07:48:07',0.00,150429.00,0.00),(9,'CE/2017-18/11','1','7',1223.00,1.00,1223.00,'GST','0','2017-09-24 07:49:30',0.00,1223.00,0.00),(10,'CE/2017-18/12','1','3',324.00,1.00,324.00,'NONE','0','2017-09-24 07:59:25',0.00,324.00,0.00),(11,'CE/2017-18/13','1','3',324.00,4.00,1296.00,'NONE','0','2017-09-24 08:05:49',0.00,1296.00,0.00),(12,'CE/2017-18/15','10','3',324.00,1.00,324.00,'NONE','0','2017-09-24 12:59:37',0.00,324.00,0.00),(13,'CE/2017-18/16','1','3',324.00,12.00,3888.00,'NONE','0','2017-09-24 13:01:31',0.00,3888.00,0.00),(14,'CE/2017-18/17','1','2',90000.00,1.00,90000.00,'VAT-2','0','2017-09-24 13:03:06',0.00,90000.00,0.00),(15,'CE/2017-18/18','5','3',324.00,1.00,324.00,'NONE','0','2017-09-24 13:04:20',0.00,324.00,0.00),(16,'CE/2017-18/19','7','2',90000.00,1.00,90000.00,'VAT-2','0','2017-09-24 13:05:25',0.00,90000.00,0.00),(17,'CE/2017-18/20','7','3',324.00,1.00,324.00,'NONE','0','2017-09-24 13:06:17',0.00,324.00,0.00),(18,'CE/2017-18/21','7','3',324.00,1.00,324.00,'NONE','0','2017-09-24 13:08:11',0.00,324.00,0.00),(19,'CE/2017-18/22','7','2',90000.00,1.00,90000.00,'VAT-2','0','2017-09-24 13:09:22',0.00,90000.00,0.00),(20,'CE/2017-18/23','1','2',90000.00,1.00,90000.00,'VAT-2','0','2017-09-24 13:10:01',0.00,90000.00,0.00),(21,'CE/2017-18/24','7','3',324.00,1.00,324.00,'NONE','0','2017-09-24 13:21:10',0.00,324.00,0.00),(22,'CE/2017-18/25','7','3',324.00,1.00,324.00,'NONE','0','2017-09-24 13:22:34',0.00,324.00,0.00),(23,'CE/2017-18/26','1','3',324.00,1.00,324.00,'NONE','0','2017-09-24 13:22:59',0.00,324.00,0.00),(24,'CE/2017-18/27','1','3',324.00,1.00,324.00,'NONE','0','2017-09-24 13:28:10',0.00,324.00,0.00),(25,'CE/2017-18/28','7','3',324.00,1.00,324.00,'NONE','0','2017-09-24 13:33:33',0.00,324.00,0.00),(26,'CE/2017-18/29','7','2',90000.00,1.00,90000.00,'VAT-2','0','2017-09-24 13:34:49',0.00,90000.00,0.00),(27,'CE/2017-18/30','7','2',90000.00,1.00,90000.00,'VAT-2','0','2017-09-24 13:36:57',0.00,90000.00,0.00),(28,'CE/2017-18/31','11','8',200.00,12.00,2400.00,'0','0','2017-09-24 13:50:38',0.00,2400.00,0.00),(29,'CE/2017-18/32','1','2',90000.00,1.00,90000.00,'VAT-2','0','2017-09-24 13:51:50',0.00,90000.00,0.00),(30,'CE/2017-18/33','10','9',15000.00,2.00,30000.00,'0','0','2017-09-24 13:53:44',0.00,30000.00,0.00),(31,'CE/2017-18/34','1','2',90000.00,1.00,90000.00,'VAT-2','0','2017-09-24 13:56:00',0.00,90000.00,0.00),(32,'CE/2017-18/35','13','10',12000.00,1.00,12000.00,'0','0','2017-11-12 15:19:35',0.00,12000.00,0.00),(33,'CE/2017-18/36','7','2',90000.00,1.00,90000.00,'VAT-2','0','2017-11-12 15:42:41',0.00,90000.00,0.00),(34,'CE/2017-18/37','7','3',324.00,1.00,324.00,'NONE','0','2017-11-12 15:48:32',0.00,324.00,0.00),(35,'CE/2017-18/38','12','3',324.00,1.00,324.00,'NONE','0','2017-11-12 15:58:42',0.00,324.00,0.00),(36,'CE/2017-18/39','12','2',90000.00,1.00,90000.00,'VAT-2','0','2017-11-12 16:01:47',0.00,90000.00,0.00),(37,'CE/2017-18/40','12','2',90000.00,1.00,90000.00,'VAT-2','0','2017-11-12 16:05:39',0.00,90000.00,0.00),(38,'CE/2017-18/41','12','3',324.00,1.00,324.00,'NONE','0','2017-11-12 16:12:54',0.00,324.00,0.00),(39,'CE/2017-18/42','12','2',90000.00,1.00,90000.00,'VAT-2','0','2017-11-12 16:14:31',0.00,90000.00,0.00),(40,'CE/2017-18/43','12','2',90000.00,1.00,90000.00,'VAT-2','0','2017-11-12 16:17:58',0.00,90000.00,0.00),(41,'CE/2017-18/44','12','3',324.00,1.00,324.00,'NONE','0','2017-11-12 16:21:17',0.00,324.00,0.00),(42,'CE/2017-18/45','12','2',90000.00,1.00,90000.00,'VAT-2','0','2017-11-12 16:25:07',0.00,90000.00,0.00),(43,'CE/2017-18/46','7','3',324.00,1.00,324.00,'NONE','0','2017-11-12 16:25:52',0.00,324.00,0.00),(44,'CE/2017-18/47','7','2',90000.00,1.00,90000.00,'VAT-2','0','2017-11-12 16:30:01',0.00,90000.00,0.00),(45,'CE/2017-18/49','7','11',1.00,1.00,1.00,'0','0','2017-12-29 14:10:06',0.00,1.00,0.00),(46,'CE/2017-18/50','7','2',90000.00,1.00,90000.00,'VAT-2','0','2017-12-29 14:11:09',0.00,90000.00,0.00);

/*Data for the table `service_customer_table` */

/*Data for the table `service_info_table` */

insert  into `service_info_table`(`id`,`customerId`,`productName`,`productModel`,`productSN`,`userId`,`accessoryList`,`problemList`,`isCourier`,`courierName`,`courierPhone`,`techComment`,`shopUserComment`,`customerComment`,`serviceStatus`,`courierDocumentNo`,`service_order_date`,`service_completion_date`,`tentative_service_completion_date`,`tentative_quoted_cost`,`actual_service_cost`,`service_order_number`,`taxName`,`taxRate`,`taxValue`,`vatTinNumber`,`advancedPayment`,`finalPayment`,`finalDeleted`,`technician_handle_status`,`technician_handle_comment`,`customer_approval_status`,`customer_approval_comment`,`part_pending_status`,`part_pending_comment`,`technician_handle_time`,`customer_approval_time`,`part_pending_time`,`completed_time`,`tech_completed_comment`,`isOutwardCourier`,`outwardCourierName`,`outwardCourierPhone`,`outwardCourierDocumentNo`,`estimated_delivery_cost`,`estimated_delivery_date`) values (1,1,'sampleName','sampleModel','sampleSN',1,'','',1,'CName','Cphone',' Done Bhaaya','','','DTC','CDocNumber','2017-07-04 23:45:15','2017-07-04 23:47:24','2017-07-04 23:45:15','0',NULL,'NCE/2017-18/12',NULL,NULL,NULL,'2763039355V','900','1223',NULL,'NA',NULL,'NA',NULL,'NA',NULL,'2017-07-04 23:47:24','2017-07-05 00:10:32','2017-07-04 23:47:24','2017-07-04 23:47:24',NULL,0,'','','','NA','NA'),(2,1,'kksadasdsa','213324','21323',1,'Battery,Charger','Fungus in Binocular,Water Damage',0,'','',NULL,'remaaark','natuuure of','C','','2017-07-07 06:04:02','2017-07-07 06:04:58','2017-07-07 06:04:02','0',NULL,'NCE/2017-18/13',NULL,NULL,NULL,'2763039355V','12332',NULL,NULL,'NA',NULL,'NA',NULL,'NA',NULL,'2017-07-07 06:04:58','2017-07-07 06:04:58','2017-07-07 06:04:58','2017-07-07 06:04:58',NULL,0,NULL,NULL,NULL,'NA','NA'),(3,1,'KELAMMMM','mmm2sadd','snsns213213',1,'','',0,'','',NULL,'emarkerarmarekre','vanasdds','DTC','','2017-07-07 06:06:21','2017-07-07 06:06:53','2017-07-07 06:06:21','0',NULL,'NCE/2017-18/14',NULL,NULL,NULL,'2763039355V','0','100',NULL,'NA',NULL,'NA',NULL,'NA',NULL,'2017-07-07 06:06:53','2017-07-07 06:06:53','2017-07-07 06:06:53','2017-07-07 06:06:53',NULL,0,'','','','NA','NA'),(4,2,'sadasdasdd','asdasdsadasdas','asdasd',1,'','',0,'','',NULL,'remark','complatins','DTC','','2017-07-07 06:07:29','2017-07-07 06:08:05','2017-07-07 06:07:29','0',NULL,'NCE/2017-18/15',NULL,NULL,NULL,'2763039355V','0','2000',NULL,'NA',NULL,'NA',NULL,'NA',NULL,'2017-07-07 06:08:05','2017-07-07 06:08:05','2017-07-07 06:08:05','2017-07-07 06:08:05',NULL,0,'','','','NA','NA'),(5,3,'KUCHBHAI','SADJASD','213',1,'','',0,'','',NULL,'','','DTC','','2017-07-07 06:10:08','2017-12-28 21:15:02','2017-07-07 06:10:08','0',NULL,'NCE/2017-18/16',NULL,NULL,NULL,'2763039355V','333','31667',NULL,'NA',NULL,'NA',NULL,'NA',NULL,'2017-07-07 06:22:00','2017-07-07 06:22:00','2017-07-07 06:22:00','2017-07-07 06:22:00',NULL,0,'','','','NA','NA'),(6,4,'MANMAN','MANMN','mansn',1,'','',0,'','',NULL,'remain','YES COMOPLA','C','','2017-07-07 06:24:11','2017-07-07 06:24:52','2017-07-07 06:24:11','0',NULL,'NCE/2017-18/17',NULL,NULL,NULL,'2763039355V','0',NULL,NULL,'NA',NULL,'NA',NULL,'NA',NULL,'2017-07-07 06:24:52','2017-07-07 06:24:52','2017-07-07 06:24:52','2017-07-07 06:24:52',NULL,0,NULL,NULL,NULL,'NA','NA'),(7,5,'JIJIJIJI','JIJIMN','jijisn',1,'','',0,'','',NULL,'','','C','','2017-07-07 06:25:52','2017-07-07 06:26:14','2017-07-07 06:25:52','0',NULL,'NCE/2017-18/18',NULL,NULL,NULL,'2763039355V','0',NULL,NULL,'NA',NULL,'NA',NULL,'NA',NULL,'2017-07-07 06:26:14','2017-07-07 06:26:14','2017-07-07 06:26:14','2017-07-07 06:26:14',NULL,0,NULL,NULL,NULL,'NA','NA'),(8,1,'ASASDA','2133','213123',1,'','',0,'','',NULL,'remark bhai','complaint','NS','','2017-07-07 06:30:58','2017-07-07 06:32:06','2017-07-07 06:30:58','0',NULL,'NCE/2017-18/19',NULL,NULL,NULL,'2763039355V','0',NULL,NULL,'NA',NULL,'NA',NULL,'NA',NULL,'2017-07-07 06:32:06','2017-07-07 06:32:06','2017-07-07 06:32:06','2017-07-07 06:32:06',NULL,0,NULL,NULL,NULL,'NA','NA'),(9,6,'UPNAME','MODEL213123213','SN21334324',1,'AC Cord,Filter UV,Memory Card,USB Cable,ADDDED New','Scratch on Body,Problem?_new',0,'','',NULL,'Remark re baba','Complaint re baba','NS','','2017-07-22 12:23:42','2017-07-22 12:27:24','2017-07-22 12:23:42','0',NULL,'NCE/2017-18/20',NULL,NULL,NULL,'2763039355V','20001000',NULL,NULL,'NA',NULL,'NA',NULL,'NA',NULL,'2017-07-22 12:27:24','2017-07-22 12:27:24','2017-07-22 12:27:24','2017-07-22 12:27:24',NULL,0,NULL,NULL,NULL,'NA','NA'),(10,6,'KKKKK','SSSSSMMMMM','snsnsnsns',1,'Lens Cap front,New_ACC','Scratch on Body,New_Probl',0,'','',NULL,'Remark polz','Complaints Plz','NS','','2017-07-22 12:27:30','2017-07-22 12:28:20','2017-07-22 12:27:30','0',NULL,'NCE/2017-18/21',NULL,NULL,NULL,'2763039355V','1002000',NULL,NULL,'NA',NULL,'NA',NULL,'NA',NULL,'2017-07-22 12:28:20','2017-07-22 12:28:20','2017-07-22 12:28:20','2017-07-22 12:28:20',NULL,0,NULL,NULL,NULL,'NA','NA'),(11,1,'NIKON','NIKONMODELNUMBER','SN090213',1,'Lens Cap Back,Lens Cap front,AADD','',0,'','',NULL,'','','NS','','2017-07-24 21:59:03','2017-07-24 22:00:14','2017-07-24 21:59:03','0',NULL,'NCE/2017-18/22',NULL,NULL,NULL,'2763039355V','400',NULL,NULL,'NA',NULL,'NA',NULL,'NA',NULL,'2017-07-24 22:00:14','2017-07-24 22:00:14','2017-07-24 22:00:14','2017-07-24 22:00:14',NULL,0,NULL,NULL,NULL,'NA','NA'),(12,1,'NIKONMAIN','NIKONMODEL','NikonSN',1,'','',0,'','',NULL,'','','NS','','2017-07-24 22:00:45','2017-07-24 22:01:27','2017-07-24 22:00:45','0',NULL,'NCE/2017-18/23',NULL,NULL,NULL,'2763039355V','100',NULL,NULL,'NA',NULL,'NA',NULL,'NA',NULL,'2017-07-24 22:01:27','2017-07-24 22:01:27','2017-07-24 22:01:27','2017-07-24 22:01:27',NULL,0,NULL,NULL,NULL,'NA','NA'),(13,1,'NIKONNAME','NIKONMODEL','NikonSN',1,'','',0,'','',NULL,'','','NS','','2017-07-24 22:05:10','2017-07-24 22:06:12','2017-07-24 22:05:10','0',NULL,'NCE/2017-18/24',NULL,NULL,NULL,'2763039355V','444',NULL,NULL,'NA',NULL,'NA',NULL,'NA',NULL,'2017-07-24 22:06:12','2017-07-24 22:06:12','2017-07-24 22:06:12','2017-07-24 22:06:12',NULL,0,NULL,NULL,NULL,'NA','NA'),(14,1,'NIKONNAME','NIKONMODEL','NikonSn',1,'','',0,'','',NULL,'','','NS','','2017-07-24 22:06:15','2017-07-24 22:08:56','2017-07-24 22:06:15','0',NULL,'NCE/2017-18/25',NULL,NULL,NULL,'2763039355V','100',NULL,NULL,'NA',NULL,'NA',NULL,'NA',NULL,'2017-07-24 22:08:56','2017-07-24 22:08:56','2017-07-24 22:08:56','2017-07-24 22:08:56',NULL,0,NULL,NULL,NULL,'NA','NA'),(15,1,'NIKONNAME','NIKONMODEL','NikonSn',1,'','',0,'','',NULL,'','','NS','','2017-07-24 22:11:40','2017-07-24 22:12:11','2017-07-24 22:11:40','0',NULL,'NCE/2017-18/26',NULL,NULL,NULL,'2763039355V','100',NULL,NULL,'NA',NULL,'NA',NULL,'NA',NULL,'2017-07-24 22:12:11','2017-07-24 22:12:11','2017-07-24 22:12:11','2017-07-24 22:12:11',NULL,0,NULL,NULL,NULL,'NA','NA'),(16,1,'NIKONNAME','NIKONMODEL','NikonSN',1,'','',0,'','',NULL,'','','NS','','2017-07-24 22:14:10','2017-07-24 22:14:34','2017-07-24 22:14:10','0',NULL,'NCE/2017-18/27',NULL,NULL,NULL,'2763039355V','199',NULL,NULL,'NA',NULL,'NA',NULL,'NA',NULL,'2017-07-24 22:14:34','2017-07-24 22:14:34','2017-07-24 22:14:34','2017-07-24 22:14:34',NULL,0,NULL,NULL,NULL,'NA','NA'),(17,1,'NIKONNAME','NIKONMODEL','NikonSN',1,'','',0,'','',NULL,'','','NS','','2017-07-24 22:16:59','2017-07-24 22:17:41','2017-07-24 22:16:59','0',NULL,'NCE/2017-18/28',NULL,NULL,NULL,'2763039355V','100',NULL,NULL,'NA',NULL,'NA',NULL,'NA',NULL,'2017-07-24 22:17:41','2017-07-24 22:17:41','2017-07-24 22:17:41','2017-07-24 22:17:41',NULL,0,NULL,NULL,NULL,'NA','NA'),(18,1,'NIKONNAME','NIKONMODEL','NikonSN',1,'','',0,'','',NULL,'','','NS','','2017-07-24 22:19:36','2017-07-24 22:20:12','2017-07-24 22:19:36','0',NULL,'NCE/2017-18/29',NULL,NULL,NULL,'2763039355V','100',NULL,NULL,'NA',NULL,'NA',NULL,'NA',NULL,'2017-07-24 22:20:12','2017-07-24 22:20:12','2017-07-24 22:20:12','2017-07-24 22:20:12',NULL,0,NULL,NULL,NULL,'NA','NA'),(19,1,'BRAND MALE','MODEL MALE','ModeLSN',1,'','',0,'','',NULL,'','','NS','','2017-07-30 20:54:23','2017-07-30 20:54:47','2017-07-30 20:54:23','0',NULL,'NCE/2017-18/30',NULL,NULL,NULL,'2763039355V','300',NULL,NULL,'NA',NULL,'NA',NULL,'NA',NULL,'2017-07-30 20:54:47','2017-07-30 20:54:47','2017-07-30 20:54:47','2017-07-30 20:54:47',NULL,0,NULL,NULL,NULL,'NA','NA'),(20,1,'ASDAS','ASDAD','213',1,'','Dust In View Finder,Scratches on Focusing Screen',0,'','',NULL,'Remark','Sample','NS','','2017-09-24 07:52:44','2017-09-24 07:53:43','2017-09-24 07:52:44','0',NULL,'NCE/2017-18/31',NULL,NULL,NULL,'2763039355V','200',NULL,NULL,'NA',NULL,'NA',NULL,'NA',NULL,'2017-09-24 07:53:43','2017-09-24 07:53:43','2017-09-24 07:53:43','2017-09-24 07:53:43',NULL,0,NULL,NULL,NULL,'NA','NA'),(21,9,'ABCNAME','ABCMODEL','NA',1,'','',0,'','',NULL,'','','NS','','2017-09-24 08:31:36','2017-09-24 08:32:37','2017-09-24 08:31:36','0',NULL,'NCE/2017-18/32',NULL,NULL,NULL,'2763039355V','100',NULL,NULL,'NA',NULL,'NA',NULL,'NA',NULL,'2017-09-24 08:32:37','2017-09-24 08:32:37','2017-09-24 08:32:37','2017-09-24 08:32:37',NULL,0,NULL,NULL,NULL,'NA','NA'),(22,1,'NIKONMANMN','SMN','SNASD',1,'','',0,'','',NULL,'','','NS','','2017-09-24 13:10:48','2017-09-24 13:11:27','2017-09-24 13:10:48','0',NULL,'NCE/2017-18/33',NULL,NULL,NULL,'2763039355V','100',NULL,NULL,'NA',NULL,'NA',NULL,'NA',NULL,'2017-09-24 13:11:27','2017-09-24 13:11:27','2017-09-24 13:11:27','2017-09-24 13:11:27',NULL,0,NULL,NULL,NULL,'NA','NA'),(23,1,'NIKON','MN','SN324',1,'','',0,'','',' asdsadasd','','','C','','2017-09-24 13:15:38','2017-09-24 13:16:12','2017-09-24 13:15:38','0',NULL,'NCE/2017-18/34',NULL,NULL,NULL,'2763039355V','100',NULL,NULL,'NA',NULL,'NA',NULL,'NA',NULL,'2017-09-24 13:16:12','2017-09-24 14:23:21','2017-09-24 13:16:12','2017-09-24 13:16:12',NULL,0,NULL,NULL,NULL,'NA','NA'),(24,1,'KKSADASDSA','213324','213',1,'','',0,'','',NULL,'','','NS','','2017-09-24 13:17:30','2017-09-24 13:17:59','2017-09-24 13:17:30','0',NULL,'NCE/2017-18/35',NULL,NULL,NULL,'2763039355V','100',NULL,NULL,'NA',NULL,'NA',NULL,'NA',NULL,'2017-09-24 13:17:59','2017-09-24 13:17:59','2017-09-24 13:17:59','2017-09-24 13:17:59',NULL,0,NULL,NULL,NULL,'NA','NA'),(25,7,'KKSADASDSA','213324','123',1,'','',0,'','',NULL,'','','NS','','2017-09-24 13:19:52','2017-09-24 13:20:17','2017-09-24 13:19:52','0',NULL,'NCE/2017-18/36',NULL,NULL,NULL,'2763039355V','100',NULL,NULL,'NA',NULL,'NA',NULL,'NA',NULL,'2017-09-24 13:20:17','2017-09-24 13:20:17','2017-09-24 13:20:17','2017-09-24 13:20:17',NULL,0,NULL,NULL,NULL,'NA','NA'),(26,1,'KKSADASDSA','213324','NA',1,'','',0,'','',' asdsadasd','','','C','','2017-09-24 13:39:09','2017-09-24 13:39:55','2017-09-24 13:39:09','0',NULL,'NCE/2017-18/37',NULL,NULL,NULL,'2763039355V','1000',NULL,NULL,'NA',NULL,'NA',NULL,'NA',NULL,'2017-09-24 13:39:55','2017-09-24 14:23:12','2017-09-24 13:39:55','2017-09-24 13:39:55',NULL,0,NULL,NULL,NULL,'NA','NA'),(27,7,'KKSADASDSA','213324','NA',1,'','',0,'','',' ','','','C','','2017-09-24 13:42:13','2017-09-24 13:42:48','2017-09-24 13:42:13','0',NULL,'NCE/2017-18/38',NULL,NULL,NULL,'2763039355V','1000',NULL,NULL,'NA',NULL,'NA',NULL,'NA',NULL,'2017-09-24 13:42:48','2017-09-24 14:23:03','2017-09-24 13:42:48','2017-09-24 13:42:48',NULL,0,NULL,NULL,NULL,'NA','NA'),(28,7,'KKSADASDSA','213324','NA',1,'','',0,'','',' ','','','C','','2017-09-24 13:43:11','2017-09-24 13:44:06','2017-09-24 13:43:11','0',NULL,'NCE/2017-18/39',NULL,NULL,NULL,'2763039355V','1200',NULL,NULL,'NA',NULL,'NA',NULL,'NA',NULL,'2017-09-24 13:44:06','2017-09-24 14:22:58','2017-09-24 13:44:06','2017-09-24 13:44:06',NULL,0,NULL,NULL,NULL,'NA','NA'),(29,7,'KKSADASDSA','213324','NA',1,'','',0,'','',' ','','','C','','2017-09-24 13:47:20','2017-09-24 13:47:47','2017-09-24 13:47:20','0',NULL,'NCE/2017-18/40',NULL,NULL,NULL,'2763039355V','1199',NULL,NULL,'NA',NULL,'NA',NULL,'NA',NULL,'2017-09-24 13:47:47','2017-09-24 14:22:54','2017-09-24 13:47:47','2017-09-24 13:47:47',NULL,0,NULL,NULL,NULL,'NA','NA'),(30,1,'NIKONCAMERA','NIK02139','SN213213213',1,'USB Cable,Charger','Scratch on Body,Fungus in Binocular',0,'','',' ','some remark','some complaints','C','','2017-09-24 13:56:31','2017-09-24 13:57:15','2017-09-24 13:56:31','0',NULL,'NCE/2017-18/41',NULL,NULL,NULL,'2763039355V','1000',NULL,NULL,'NA',NULL,'NA',NULL,'NA',NULL,'2017-09-24 13:57:15','2017-09-24 14:22:49','2017-09-24 13:57:15','2017-09-24 13:57:15',NULL,0,NULL,NULL,NULL,'NA','NA'),(31,1,'KKSADASDSA','213324','ASDSAD',1,'','',0,'','',' ','','','C','','2017-09-24 13:58:43','2017-09-24 13:58:57','2017-09-24 13:58:43','0',NULL,'NCE/2017-18/42',NULL,NULL,NULL,'2763039355V','10000',NULL,NULL,'NA',NULL,'NA',NULL,'NA',NULL,'2017-09-24 13:58:57','2017-09-24 14:22:45','2017-09-24 13:58:57','2017-09-24 13:58:57',NULL,0,NULL,NULL,NULL,'NA','NA'),(32,7,'KKSADASDSA','213324','sad',1,'','',0,'','',' ','','','C','','2017-09-24 14:01:11','2017-09-24 14:01:27','2017-09-24 14:01:11','0',NULL,'NCE/2017-18/43',NULL,NULL,NULL,'2763039355V','1000',NULL,NULL,'NA',NULL,'NA',NULL,'NA',NULL,'2017-09-24 14:01:27','2017-09-24 14:22:41','2017-09-24 14:01:27','2017-09-24 14:01:27',NULL,0,NULL,NULL,NULL,'NA','NA'),(33,1,'KKSADASDSA','213324','NA',1,'','',0,'','',' ','','','C','','2017-09-24 14:01:37','2017-09-24 14:02:24','2017-09-24 14:01:37','0',NULL,'NCE/2017-18/44',NULL,NULL,NULL,'2763039355V','100',NULL,NULL,'NA',NULL,'NA',NULL,'NA',NULL,'2017-09-24 14:02:24','2017-09-24 14:22:36','2017-09-24 14:02:24','2017-09-24 14:02:24',NULL,0,NULL,NULL,NULL,'NA','NA'),(34,7,'KKSADASDSA','213324','asdas',1,'','',0,'','',' ','','','C','','2017-09-24 14:03:27','2017-09-24 14:03:41','2017-09-24 14:03:27','0',NULL,'NCE/2017-18/45',NULL,NULL,NULL,'2763039355V','10000',NULL,NULL,'NA',NULL,'NA',NULL,'NA',NULL,'2017-09-24 14:03:41','2017-09-24 14:22:32','2017-09-24 14:03:41','2017-09-24 14:03:41',NULL,0,NULL,NULL,NULL,'NA','NA'),(35,7,'KKSADASDSA','213324','NA',1,'','',0,'','',' ','','','DTC','','2017-09-24 14:05:28','2017-09-24 14:05:58','2017-09-24 14:05:28','0',NULL,'NCE/2017-18/46',NULL,NULL,NULL,'2763039355V','1000','8000',NULL,'NA',NULL,'NA',NULL,'NA',NULL,'2017-09-24 14:05:58','2017-09-24 14:22:27','2017-09-24 14:05:58','2017-09-24 14:05:58',NULL,0,'','','','NA','NA'),(36,7,'KKSADASDSA','213324','NA',1,'','',0,'','',' ho gaya bhai','','','DTC','','2017-09-24 14:06:46','2017-09-24 14:07:09','2017-09-24 14:06:46','0',NULL,'NCE/2017-18/47',NULL,NULL,NULL,'2763039355V','3000','6000',NULL,'NA',NULL,'NA',NULL,'NA',NULL,'2017-09-24 14:07:09','2017-09-24 14:22:21','2017-09-24 14:07:09','2017-09-24 14:07:09',NULL,0,'','','','NA','NA'),(37,1,'NIKONESC','MN090909','SN000011',1,'AC Cord,Filter UV','Salt Water Damage',0,'','','completed it fast as nothing was there','','','DTC','','2017-11-12 14:58:12','2017-11-12 15:00:18','2017-11-12 14:58:12','0',NULL,'NCE/2017-18/48',NULL,NULL,NULL,'2763039355V','15000','25000',NULL,'NA',NULL,'NA',NULL,'NA',NULL,'2017-11-12 15:00:18','2017-11-12 15:03:01','2017-11-12 15:00:18','2017-11-12 15:00:18',NULL,0,'','','','NA','NA'),(38,12,'SAMSUNG','MN01','SN02',1,'Battery,Body Cap','Fungus in Binocular,Scratch on Body',0,'','',' ','','','DTC','','2017-11-12 15:10:34','2017-11-12 15:11:19','2017-11-12 15:10:34','0',NULL,'NCE/2017-18/49',NULL,NULL,NULL,'2763039355V','0','10000',NULL,'NA',NULL,'NA',NULL,'NA',NULL,'2017-11-12 15:11:19','2017-11-12 15:11:41','2017-11-12 15:11:19','2017-11-12 15:11:19',NULL,0,'','','','NA','NA'),(39,1,'KAILASH','KAILMN','KailSN000213',1,'Lens Cap front','Scratch on Body',0,'','',' ','','','DTC','','2017-12-09 13:51:11','2017-12-09 13:52:50','2017-12-09 13:51:11','0',NULL,'NCE/2017-18/50',NULL,NULL,NULL,'2763039355V','9000','1000',NULL,'NA',NULL,'NA',NULL,'NA',NULL,'2017-12-09 13:52:50','2017-12-09 13:53:26','2017-12-09 13:52:50','2017-12-09 13:52:50',NULL,0,'','','','NA','NA'),(40,14,'CANON','PSA','12345',1,'Lens Cap front','Scratch on Body',0,'','',' ','ccd','ccd','DTC','','2017-12-09 14:07:25','2017-12-09 14:10:30','2017-12-09 14:07:25','0',NULL,'NCE/2017-18/51',NULL,NULL,NULL,'2763039355V','500','11500',NULL,'NA',NULL,'NA',NULL,'NA',NULL,'2017-12-09 14:10:30','2017-12-09 14:54:16','2017-12-09 14:10:30','2017-12-09 14:10:30',NULL,0,'','','','NA','NA'),(41,15,'SAMPLEBRAND','SAMMN001','NA',1,'','',0,'','',NULL,'','','NS','','2017-12-26 23:26:42','2017-12-26 23:27:23','2017-12-26 23:26:42','0',NULL,'NCE/2017-18/52',NULL,NULL,NULL,'2763039355V','0',NULL,NULL,'NA',NULL,'NA',NULL,'NA',NULL,'2017-12-26 23:27:23','2017-12-26 23:27:23','2017-12-26 23:27:23','2017-12-26 23:27:23',NULL,0,NULL,NULL,NULL,'NA','NA'),(42,15,'KKSADASDSA','213324','NA',1,'','',0,'','',NULL,'','','NS','','2017-12-26 23:30:51','2017-12-26 23:31:06','2017-12-26 23:30:51','0',NULL,'NCE/2017-18/53',NULL,NULL,NULL,'2763039355V','0',NULL,NULL,'NA',NULL,'NA',NULL,'NA',NULL,'2017-12-26 23:31:06','2017-12-26 23:31:06','2017-12-26 23:31:06','2017-12-26 23:31:06',NULL,0,NULL,NULL,NULL,'NA','NA'),(43,15,'KKSADASDSA','213324','NA',1,'','',0,'','',NULL,'','','NS','','2017-12-26 23:31:15','2017-12-26 23:31:39','2017-12-26 23:31:15','0',NULL,'NCE/2017-18/54',NULL,NULL,NULL,'2763039355V','0',NULL,NULL,'NA',NULL,'NA',NULL,'NA',NULL,'2017-12-26 23:31:39','2017-12-26 23:31:39','2017-12-26 23:31:39','2017-12-26 23:31:39',NULL,0,NULL,NULL,NULL,'NA','NA'),(44,15,'KKSADASDSA','213324','N/A',1,'','',0,'','',NULL,'','','NS','','2017-12-26 23:42:13','2017-12-26 23:42:36','2017-12-26 23:42:13','0',NULL,'NCE/2017-18/55',NULL,NULL,NULL,'2763039355V','0',NULL,NULL,'NA',NULL,'NA',NULL,'NA',NULL,'2017-12-26 23:42:36','2017-12-26 23:42:36','2017-12-26 23:42:36','2017-12-26 23:42:36',NULL,0,NULL,NULL,NULL,'NA','NA'),(45,7,'KKSADASDSA','213324','N/A',1,'','',0,'','',NULL,'','','NS','','2017-12-26 23:43:54','2017-12-26 23:44:14','2017-12-26 23:43:54','0',NULL,'NCE/2017-18/56',NULL,NULL,NULL,'2763039355V','0',NULL,NULL,'NA',NULL,'NA',NULL,'NA',NULL,'2017-12-26 23:44:14','2017-12-26 23:44:14','2017-12-26 23:44:14','2017-12-26 23:44:14',NULL,0,NULL,NULL,NULL,'NA','NA'),(46,7,'KKSADASDSA','213324','N/A',1,'','',0,'','',NULL,'','','NS','','2017-12-26 23:45:47','2017-12-26 23:46:24','2017-12-26 23:45:47','0',NULL,'NCE/2017-18/57',NULL,NULL,NULL,'2763039355V','0',NULL,NULL,'NA',NULL,'NA',NULL,'NA',NULL,'2017-12-26 23:46:24','2017-12-26 23:46:24','2017-12-26 23:46:24','2017-12-26 23:46:24',NULL,0,NULL,NULL,NULL,'NA','NA'),(47,7,'KKSADASDSA','213324','N/A',1,'','',0,'','',NULL,'','','NS','','2017-12-26 23:47:37','2017-12-26 23:48:04','2017-12-26 23:47:37','0',NULL,'NCE/2017-18/58',NULL,NULL,NULL,'2763039355V','0',NULL,NULL,'NA',NULL,'NA',NULL,'NA',NULL,'2017-12-26 23:48:04','2017-12-26 23:48:04','2017-12-26 23:48:04','2017-12-26 23:48:04',NULL,0,NULL,NULL,NULL,'NA','NA'),(48,7,'KKSADASDSA','213324','N/A',1,'','',0,'','',NULL,'','','NS','','2017-12-26 23:50:27','2017-12-26 23:50:42','2017-12-26 23:50:27','0',NULL,'NCE/2017-18/59',NULL,NULL,NULL,'2763039355V','0',NULL,NULL,'NA',NULL,'NA',NULL,'NA',NULL,'2017-12-26 23:50:42','2017-12-26 23:50:42','2017-12-26 23:50:42','2017-12-26 23:50:42',NULL,0,NULL,NULL,NULL,'NA','NA'),(49,15,'KKSADASDSA','213324','N/A',1,'','',0,'','',NULL,'','','NS','','2017-12-26 23:52:00','2017-12-26 23:52:21','2017-12-26 23:52:00','0',NULL,'NCE/2017-18/60',NULL,NULL,NULL,'2763039355V','0',NULL,NULL,'NA',NULL,'NA',NULL,'NA',NULL,'2017-12-26 23:52:21','2017-12-26 23:52:21','2017-12-26 23:52:21','2017-12-26 23:52:21',NULL,0,NULL,NULL,NULL,'NA','NA'),(50,7,'KKSADASDSA','213324','N/A',1,'','',0,'','',NULL,'','','NS','','2017-12-26 23:53:04','2017-12-26 23:54:02','2017-12-26 23:53:04','0',NULL,'NCE/2017-18/61',NULL,NULL,NULL,'2763039355V','0',NULL,NULL,'NA',NULL,'NA',NULL,'NA',NULL,'2017-12-26 23:54:02','2017-12-26 23:54:02','2017-12-26 23:54:02','2017-12-26 23:54:02',NULL,0,NULL,NULL,NULL,'NA','NA'),(51,5,'KKSADASDSA','213324','N/A',1,'','',0,'','',NULL,'','','NS','','2017-12-26 23:55:50','2017-12-26 23:56:09','2017-12-26 23:55:50','0',NULL,'NCE/2017-18/62',NULL,NULL,NULL,'2763039355V','0',NULL,NULL,'NA',NULL,'NA',NULL,'NA',NULL,'2017-12-26 23:56:09','2017-12-26 23:56:09','2017-12-26 23:56:09','2017-12-26 23:56:09',NULL,0,NULL,NULL,NULL,'NA','NA'),(52,7,'KKSADASDSA','213324','N/A',1,'','',0,'','',NULL,'','','NS','','2017-12-26 23:57:41','2017-12-26 23:57:59','2017-12-26 23:57:41','0',NULL,'NCE/2017-18/63',NULL,NULL,NULL,'2763039355V','0',NULL,NULL,'NA',NULL,'NA',NULL,'NA',NULL,'2017-12-26 23:57:59','2017-12-26 23:57:59','2017-12-26 23:57:59','2017-12-26 23:57:59',NULL,0,NULL,NULL,NULL,'NA','NA'),(53,7,'KKSADASDSA','213324','N/A',1,'','',0,'','',NULL,'','','NS','','2017-12-26 23:58:40','2017-12-26 23:58:55','2017-12-26 23:58:40','0',NULL,'NCE/2017-18/64',NULL,NULL,NULL,'2763039355V','0',NULL,NULL,'NA',NULL,'NA',NULL,'NA',NULL,'2017-12-26 23:58:55','2017-12-26 23:58:55','2017-12-26 23:58:55','2017-12-26 23:58:55',NULL,0,NULL,NULL,NULL,'NA','NA'),(54,16,'KKSADASDSA','213324','N/A',1,'','',0,'','',NULL,'','Kothrud','NS','','2017-12-28 17:40:26','2017-12-28 17:41:12','2017-12-28 17:40:26','0',NULL,'NCE/2017-18/65',NULL,NULL,NULL,'2763039355V','0',NULL,NULL,'NA',NULL,'NA',NULL,'NA',NULL,'2017-12-28 17:41:12','2017-12-28 17:41:12','2017-12-28 17:41:12','2017-12-28 17:41:12',NULL,0,NULL,NULL,NULL,'NA','NA'),(55,5,'KKSADASDSA','213324','N/A',1,'','',0,'','',NULL,'','','NS','','2017-12-28 17:45:13','2017-12-28 17:47:00','2017-12-28 17:45:13','0',NULL,'NCE/2017-18/66',NULL,NULL,NULL,'2763039355V','0',NULL,NULL,'NA',NULL,'NA',NULL,'NA',NULL,'2017-12-28 17:47:00','2017-12-28 17:47:00','2017-12-28 17:47:00','2017-12-28 17:47:00',NULL,0,NULL,NULL,NULL,'NA','NA'),(56,7,'KKSADASDSA','213324','N/A',1,'','',0,'','',NULL,'','','NS','','2017-12-28 17:49:58','2017-12-28 17:50:42','2017-12-28 17:49:58','0',NULL,'NCE/2017-18/67',NULL,NULL,NULL,'2763039355V','0',NULL,NULL,'NA',NULL,'NA',NULL,'NA',NULL,'2017-12-28 17:50:42','2017-12-28 17:50:42','2017-12-28 17:50:42','2017-12-28 17:50:42',NULL,0,NULL,NULL,NULL,'NA','NA'),(57,7,'KKSADASDSA','213324','N/A',1,'','',0,'','',NULL,'','','NS','','2017-12-28 17:50:59','2017-12-28 17:52:18','2017-12-28 17:50:59','0',NULL,'NCE/2017-18/68',NULL,NULL,NULL,'2763039355V','0',NULL,NULL,'NA',NULL,'NA',NULL,'NA',NULL,'2017-12-28 17:52:18','2017-12-28 17:52:18','2017-12-28 17:52:18','2017-12-28 17:52:18',NULL,0,NULL,NULL,NULL,'NA','NA'),(58,17,'KKSADASDSA','213324','n/A',1,'','',0,'','',NULL,'','','NS','','2017-12-28 17:54:32','2017-12-28 17:55:14','2017-12-28 17:54:32','0',NULL,'NCE/2017-18/69',NULL,NULL,NULL,'2763039355V','0',NULL,NULL,'NA',NULL,'NA',NULL,'NA',NULL,'2017-12-28 17:55:14','2017-12-28 17:55:14','2017-12-28 17:55:14','2017-12-28 17:55:14',NULL,0,NULL,NULL,NULL,'NA','NA'),(59,18,'KKSADASDSA','213324','N/A',1,'','',0,'','',NULL,'','','NS','','2017-12-28 17:59:41','2017-12-28 18:00:12','2017-12-28 17:59:41','0',NULL,'NCE/2017-18/70',NULL,NULL,NULL,'2763039355V','0',NULL,NULL,'NA',NULL,'NA',NULL,'NA',NULL,'2017-12-28 18:00:12','2017-12-28 18:00:12','2017-12-28 18:00:12','2017-12-28 18:00:12',NULL,0,NULL,NULL,NULL,'NA','NA'),(60,19,'KKSADASDSA','213324','N/A',1,'','',0,'','',NULL,'','','NS','','2017-12-28 18:28:52','2017-12-28 18:29:38','2017-12-28 18:28:52','0',NULL,'NCE/2017-18/71',NULL,NULL,NULL,'2763039355V','0',NULL,NULL,'NA',NULL,'NA',NULL,'NA',NULL,'2017-12-28 18:29:38','2017-12-28 18:29:38','2017-12-28 18:29:38','2017-12-28 18:29:38',NULL,0,NULL,NULL,NULL,'',''),(61,20,'TESTME','213324','N/A',1,'','',0,'','',NULL,'','','NS','','2017-12-28 18:28:52','2017-12-28 18:32:52','2017-12-28 18:28:52','0',NULL,'NCE/2017-18/72',NULL,NULL,NULL,'2763039355V','0',NULL,NULL,'NA',NULL,'NA',NULL,'NA',NULL,'2017-12-28 18:32:52','2017-12-28 18:32:52','2017-12-28 18:32:52','2017-12-28 18:32:52',NULL,0,NULL,NULL,NULL,'',''),(62,21,'TESTME','213324','N/A',1,'','',0,'','',NULL,'','','NS','','2017-12-28 18:28:52','2017-12-28 18:33:45','2017-12-28 18:28:52','0',NULL,'NCE/2017-18/73',NULL,NULL,NULL,'2763039355V','0',NULL,NULL,'NA',NULL,'NA',NULL,'NA',NULL,'2017-12-28 18:33:45','2017-12-28 18:33:45','2017-12-28 18:33:45','2017-12-28 18:33:45',NULL,0,NULL,NULL,NULL,'3294234','234/234/435'),(63,22,'P___________1','213324','N/A',1,'','',0,'','',NULL,'','','NS','','2017-12-28 18:36:31','2017-12-28 18:37:21','2017-12-28 18:36:31','0',NULL,'NCE/2017-18/74',NULL,NULL,NULL,'2763039355V','0',NULL,NULL,'NA',NULL,'NA',NULL,'NA',NULL,'2017-12-28 18:37:21','2017-12-28 18:37:21','2017-12-28 18:37:21','2017-12-28 18:37:21',NULL,0,NULL,NULL,NULL,'1000','null'),(64,7,'CHECK_123123','CHECK_123123','ChECK_123123####',1,'','',0,'','',NULL,'','','NS','','2017-12-28 18:39:22','2017-12-28 18:51:53','2017-12-28 18:39:22','0',NULL,'NCE/2017-18/79',NULL,NULL,NULL,'2763039355V','0',NULL,NULL,'NA',NULL,'NA',NULL,'NA',NULL,'2017-12-28 18:51:53','2017-12-28 18:51:53','2017-12-28 18:51:53','2017-12-28 18:51:53',NULL,0,NULL,NULL,NULL,'1002','NA'),(65,7,'21313123TTTTTTTTTTTTT','CHECK_123123','ChECK_123123####',1,'','',0,'','',NULL,'','','NS','','2017-12-28 18:39:22','2017-12-28 18:52:38','2017-12-28 18:39:22','0',NULL,'NCE/2017-18/80',NULL,NULL,NULL,'2763039355V','0',NULL,NULL,'NA',NULL,'NA',NULL,'NA',NULL,'2017-12-28 18:52:38','2017-12-28 18:52:38','2017-12-28 18:52:38','2017-12-28 18:52:38',NULL,0,NULL,NULL,NULL,'NA','NA'),(66,7,'CHECK_123123','CHECK_123123','ChECK_123123####',1,'','',0,'','',NULL,'','','NS','','2017-12-28 18:39:22','2017-12-28 18:57:31','2017-12-28 18:39:22','0',NULL,'NCE/2017-18/81',NULL,NULL,NULL,'2763039355V','0',NULL,NULL,'NA',NULL,'NA',NULL,'NA',NULL,'2017-12-28 18:57:31','2017-12-28 18:57:31','2017-12-28 18:57:31','2017-12-28 18:57:31',NULL,0,NULL,NULL,NULL,'1002','NA'),(67,23,'LOLOLOLO','ASD','N/A',1,'','',0,'','',NULL,'','','NS','','2017-12-28 19:02:44','2017-12-28 19:03:23','2017-12-28 19:02:44','0',NULL,'NCE/2017-18/82',NULL,NULL,NULL,'2763039355V','1000',NULL,NULL,'NA',NULL,'NA',NULL,'NA',NULL,'2017-12-28 19:03:23','2017-12-28 19:03:23','2017-12-28 19:03:23','2017-12-28 19:03:23',NULL,0,NULL,NULL,NULL,'NA','NA'),(68,24,'KI00000000','02131230','NA',1,'','',0,'','',NULL,'','','NS','','2017-12-28 19:07:18','2017-12-28 19:08:07','2017-12-28 19:07:18','0',NULL,'NCE/2017-18/83',NULL,NULL,NULL,'2763039355V','12000',NULL,NULL,'NA',NULL,'NA',NULL,'NA',NULL,'2017-12-28 19:08:07','2017-12-28 19:08:07','2017-12-28 19:08:07','2017-12-28 19:08:07',NULL,0,NULL,NULL,NULL,'NA','NA'),(69,23,'SUDHIR NAIK','454565656456','na',1,'','',0,'','',NULL,'','Kothrud','NS','','2017-12-28 19:10:03','2017-12-28 19:10:44','2017-12-28 19:10:03','0',NULL,'NCE/2017-18/84',NULL,NULL,NULL,'2763039355V','12000',NULL,NULL,'NA',NULL,'NA',NULL,'NA',NULL,'2017-12-28 19:10:44','2017-12-28 19:10:44','2017-12-28 19:10:44','2017-12-28 19:10:44',NULL,0,NULL,NULL,NULL,'NA','NA'),(70,25,'ASDAS','ASDAD','NA',1,'','',0,'','',NULL,'','','NS','','2017-12-28 19:11:25','2017-12-28 19:11:49','2017-12-28 19:11:25','0',NULL,'NCE/2017-18/85',NULL,NULL,NULL,'2763039355V','1000213213213123',NULL,NULL,'NA',NULL,'NA',NULL,'NA',NULL,'2017-12-28 19:11:49','2017-12-28 19:11:49','2017-12-28 19:11:49','2017-12-28 19:11:49',NULL,0,NULL,NULL,NULL,'NA','NA'),(71,26,'KKSADASDSA','213324','NA',1,'','',0,'','',NULL,'','','NS','','2017-12-28 19:13:41','2017-12-28 19:14:06','2017-12-28 19:13:41','0',NULL,'NCE/2017-18/86',NULL,NULL,NULL,'2763039355V','12000',NULL,NULL,'NA',NULL,'NA',NULL,'NA',NULL,'2017-12-28 19:14:06','2017-12-28 19:14:06','2017-12-28 19:14:06','2017-12-28 19:14:06',NULL,0,NULL,NULL,NULL,'NA','NA'),(72,23,'12321','12312','12321',1,'','',0,'','',NULL,'','','NS','','2017-12-28 19:20:11','2017-12-28 19:21:03','2017-12-28 19:20:11','0',NULL,'NCE/2017-18/87',NULL,NULL,NULL,'2763039355V','1231',NULL,NULL,'NA',NULL,'NA',NULL,'NA',NULL,'2017-12-28 19:21:03','2017-12-28 19:21:03','2017-12-28 19:21:03','2017-12-28 19:21:03',NULL,0,NULL,NULL,NULL,'123233','NA'),(73,24,'232','ASD','wqe',1,'','',0,'','',NULL,'','','NS','','2017-12-28 19:22:04','2017-12-28 19:23:27','2017-12-28 19:22:04','0',NULL,'NCE/2017-18/88',NULL,NULL,NULL,'2763039355V','213',NULL,NULL,'NA',NULL,'NA',NULL,'NA',NULL,'2017-12-28 19:23:27','2017-12-28 19:23:27','2017-12-28 19:23:27','2017-12-28 19:23:27',NULL,0,NULL,NULL,NULL,'NA','NA'),(74,7,'KKSADASDSA','213324','213',1,'','',0,'','',NULL,'','','NS','','2017-12-28 19:24:38','2017-12-28 19:25:09','2017-12-28 19:24:38','0',NULL,'NCE/2017-18/89',NULL,NULL,NULL,'2763039355V','321321',NULL,NULL,'NA',NULL,'NA',NULL,'NA',NULL,'2017-12-28 19:25:09','2017-12-28 19:25:09','2017-12-28 19:25:09','2017-12-28 19:25:09',NULL,0,NULL,NULL,NULL,'NA','NA'),(75,25,'ASD','ASD','asd',1,'','',0,'','',NULL,'','','NS','','2017-12-28 19:40:09','2017-12-28 19:40:31','2017-12-28 19:40:09','0',NULL,'NCE/2017-18/90',NULL,NULL,NULL,'2763039355V','213213',NULL,NULL,'NA',NULL,'NA',NULL,'NA',NULL,'2017-12-28 19:40:31','2017-12-28 19:40:31','2017-12-28 19:40:31','2017-12-28 19:40:31',NULL,0,NULL,NULL,NULL,'NA','NA'),(76,27,'324ZSAFDSF','SDFSDF34','3432sdf',1,'','',0,'','',NULL,'','','NS','','2017-12-28 19:41:46','2017-12-28 19:42:39','2017-12-28 19:41:46','0',NULL,'NCE/2017-18/91',NULL,NULL,NULL,'2763039355V','213',NULL,NULL,'NA',NULL,'NA',NULL,'NA',NULL,'2017-12-28 19:42:39','2017-12-28 19:42:39','2017-12-28 19:42:39','2017-12-28 19:42:39',NULL,0,NULL,NULL,NULL,'NA','NA'),(77,24,'1232ASDASD','ASDAS','sadsa',1,'','',0,'','',NULL,'','','NS','','2017-12-28 19:43:32','2017-12-28 19:44:11','2017-12-28 19:43:32','0',NULL,'NCE/2017-18/92',NULL,NULL,NULL,'2763039355V','2131',NULL,NULL,'NA',NULL,'NA',NULL,'NA',NULL,'2017-12-28 19:44:11','2017-12-28 19:44:11','2017-12-28 19:44:11','2017-12-28 19:44:11',NULL,0,NULL,NULL,NULL,'NA','NA'),(78,7,'KKSADASDSA','213324','213',1,'','',0,'','',NULL,'','','NS','','2017-12-28 19:44:52','2017-12-28 19:45:21','2017-12-28 19:44:52','0',NULL,'NCE/2017-18/93',NULL,NULL,NULL,'2763039355V','123',NULL,NULL,'NA',NULL,'NA',NULL,'NA',NULL,'2017-12-28 19:45:21','2017-12-28 19:45:21','2017-12-28 19:45:21','2017-12-28 19:45:21',NULL,0,NULL,NULL,NULL,'NA','NA'),(79,24,'KKSADASDSA','213324','213',1,'','',0,'','',NULL,'','','NS','','2017-12-28 19:46:04','2017-12-28 19:46:30','2017-12-28 19:46:04','0',NULL,'NCE/2017-18/94',NULL,NULL,NULL,'2763039355V','123',NULL,NULL,'NA',NULL,'NA',NULL,'NA',NULL,'2017-12-28 19:46:30','2017-12-28 19:46:30','2017-12-28 19:46:30','2017-12-28 19:46:30',NULL,0,NULL,NULL,NULL,'NA','NA'),(80,25,'213ASD','ASD','asd',1,'','',0,'','',NULL,'','','NS','','2017-12-28 19:48:15','2017-12-28 19:48:45','2017-12-28 19:48:15','0',NULL,'NCE/2017-18/95',NULL,NULL,NULL,'2763039355V','213123',NULL,NULL,'NA',NULL,'NA',NULL,'NA',NULL,'2017-12-28 19:48:45','2017-12-28 19:48:45','2017-12-28 19:48:45','2017-12-28 19:48:45',NULL,0,NULL,NULL,NULL,'NA','NA'),(81,26,'KKSADASDSA','213324','e',1,'','',0,'','',NULL,'','','NS','','2017-12-28 20:00:52','2017-12-28 20:01:14','2017-12-28 20:00:52','0',NULL,'NCE/2017-18/96',NULL,NULL,NULL,'2763039355V','0',NULL,NULL,'NA',NULL,'NA',NULL,'NA',NULL,'2017-12-28 20:01:14','2017-12-28 20:01:14','2017-12-28 20:01:14','2017-12-28 20:01:14',NULL,0,NULL,NULL,NULL,'NA','NA'),(82,22,'KKSADASDSA','213324','sad',1,'','',0,'','',NULL,'','','NS','','2017-12-28 20:03:59','2017-12-28 20:04:36','2017-12-28 20:03:59','0',NULL,'NCE/2017-18/97',NULL,NULL,NULL,'2763039355V','0',NULL,NULL,'NA',NULL,'NA',NULL,'NA',NULL,'2017-12-28 20:04:36','2017-12-28 20:04:36','2017-12-28 20:04:36','2017-12-28 20:04:36',NULL,0,NULL,NULL,NULL,'NA','NA'),(83,23,'KKSADASDSA','213324','d',1,'','',0,'','',NULL,'','','NS','','2017-12-28 20:09:12','2017-12-28 20:09:31','2017-12-28 20:09:12','0',NULL,'NCE/2017-18/98',NULL,NULL,NULL,'2763039355V','0',NULL,NULL,'NA',NULL,'NA',NULL,'NA',NULL,'2017-12-28 20:09:31','2017-12-28 20:09:31','2017-12-28 20:09:31','2017-12-28 20:09:31',NULL,0,NULL,NULL,NULL,'NA','NA'),(84,1,'CANON','MN0009','SN',1,'','',0,'','',NULL,'','','NS','','2017-12-29 10:41:29','2017-12-29 10:42:24','2017-12-29 10:41:29','0',NULL,'NCE/2017-18/99',NULL,NULL,NULL,'2763039355V','12000',NULL,NULL,'NA',NULL,'NA',NULL,'NA',NULL,'2017-12-29 10:42:24','2017-12-29 10:42:24','2017-12-29 10:42:24','2017-12-29 10:42:24',NULL,0,NULL,NULL,NULL,'NA','NA'),(85,1,'CANON','MN0009','SN',1,'','',0,'','',NULL,'','','NS','','2017-12-29 10:41:29','2017-12-29 10:59:56','2017-12-29 10:41:29','0',NULL,'NCE/2017-18/100',NULL,NULL,NULL,'2763039355V','12000',NULL,NULL,'NA',NULL,'NA',NULL,'NA',NULL,'2017-12-29 10:59:56','2017-12-29 10:59:56','2017-12-29 10:59:56','2017-12-29 10:59:56',NULL,0,NULL,NULL,NULL,'NA','NA'),(86,1,'CANON','MN0009','SN',1,'','',0,'','',NULL,'','','NS','','2017-12-29 10:41:29','2017-12-29 11:02:19','2017-12-29 10:41:29','0',NULL,'NCE/2017-18/103',NULL,NULL,NULL,'2763039355V','12000',NULL,NULL,'NA',NULL,'NA',NULL,'NA',NULL,'2017-12-29 11:02:19','2017-12-29 11:02:19','2017-12-29 11:02:19','2017-12-29 11:02:19',NULL,0,NULL,NULL,NULL,'NA','NA'),(87,1,'CANON12','MN0009','SN',1,'','',0,'','',NULL,'','','NS','','2017-12-29 10:41:29','2017-12-29 11:06:14','2017-12-29 10:41:29','0',NULL,'NCE/2017-18/104',NULL,NULL,NULL,'2763039355V','12000',NULL,NULL,'NA',NULL,'NA',NULL,'NA',NULL,'2017-12-29 11:06:14','2017-12-29 11:06:14','2017-12-29 11:06:14','2017-12-29 11:06:14',NULL,0,NULL,NULL,NULL,'NA','NA'),(88,1,'CANON12','MN0009','SN',1,'','',0,'','',NULL,'','','NS','','2017-12-29 10:41:29','2017-12-29 11:09:51','2017-12-29 10:41:29','0',NULL,'NCE/2017-18/105',NULL,NULL,NULL,'2763039355V','12000',NULL,NULL,'NA',NULL,'NA',NULL,'NA',NULL,'2017-12-29 11:09:51','2017-12-29 11:09:51','2017-12-29 11:09:51','2017-12-29 11:09:51',NULL,0,NULL,NULL,NULL,'NA','NA'),(89,1,'CANON12','MN0009','SN',1,'','',0,'','',NULL,'','','NS','','2017-12-29 10:41:29','2017-12-29 12:59:14','2017-12-29 10:41:29','0',NULL,'NCE/2017-18/106',NULL,NULL,NULL,'2763039355V','12000',NULL,NULL,'NA',NULL,'NA',NULL,'NA',NULL,'2017-12-29 12:59:14','2017-12-29 12:59:14','2017-12-29 12:59:14','2017-12-29 12:59:14',NULL,0,NULL,NULL,NULL,'NA','NA'),(90,1,'CANON12','MN0009','SN',1,'','',0,'','',NULL,'','','NS','','2017-12-29 10:41:29','2017-12-29 13:23:43','2017-12-29 10:41:29','0',NULL,'NCE/2017-18/107',NULL,NULL,NULL,'2763039355V','12000',NULL,NULL,'NA',NULL,'NA',NULL,'NA',NULL,'2017-12-29 13:23:43','2017-12-29 13:23:43','2017-12-29 13:23:43','2017-12-29 13:23:43',NULL,0,NULL,NULL,NULL,'NA','NA'),(91,1,'CANON12','MN0009','SN',1,'','',0,'','',NULL,'','','NS','','2017-12-29 10:41:29','2017-12-29 13:25:14','2017-12-29 10:41:29','0',NULL,'NCE/2017-18/108',NULL,NULL,NULL,'2763039355V','12000',NULL,NULL,'NA',NULL,'NA',NULL,'NA',NULL,'2017-12-29 13:25:14','2017-12-29 13:25:14','2017-12-29 13:25:14','2017-12-29 13:25:14',NULL,0,NULL,NULL,NULL,'NA','NA'),(92,1,'CANON12','MN0009','SN',1,'','',0,'','',NULL,'','','NS','','2017-12-29 10:41:29','2017-12-29 13:25:31','2017-12-29 10:41:29','0',NULL,'NCE/2017-18/109',NULL,NULL,NULL,'2763039355V','12000',NULL,NULL,'NA',NULL,'NA',NULL,'NA',NULL,'2017-12-29 13:25:31','2017-12-29 13:25:31','2017-12-29 13:25:31','2017-12-29 13:25:31',NULL,0,NULL,NULL,NULL,'NA','NA'),(93,1,'CANON12','MN0009','SN',1,'','',0,'','',NULL,'','','NS','','2017-12-29 10:41:29','2017-12-29 13:25:35','2017-12-29 10:41:29','0',NULL,'NCE/2017-18/110',NULL,NULL,NULL,'2763039355V','12000',NULL,NULL,'NA',NULL,'NA',NULL,'NA',NULL,'2017-12-29 13:25:35','2017-12-29 13:25:35','2017-12-29 13:25:35','2017-12-29 13:25:35',NULL,0,NULL,NULL,NULL,'NA','NA'),(94,1,'CANON12','MN0009','SN',1,'','',0,'','',NULL,'','','NS','','2017-12-29 10:41:29','2017-12-29 13:25:54','2017-12-29 10:41:29','0',NULL,'NCE/2017-18/111',NULL,NULL,NULL,'2763039355V','12000',NULL,NULL,'NA',NULL,'NA',NULL,'NA',NULL,'2017-12-29 13:25:54','2017-12-29 13:25:54','2017-12-29 13:25:54','2017-12-29 13:25:54',NULL,0,NULL,NULL,NULL,'NA','NA'),(95,1,'CANON12','MN0009','SN',1,'','',0,'','',NULL,'','','NS','','2017-12-29 10:41:29','2017-12-29 13:26:57','2017-12-29 10:41:29','0',NULL,'NCE/2017-18/112',NULL,NULL,NULL,'2763039355V','12000',NULL,NULL,'NA',NULL,'NA',NULL,'NA',NULL,'2017-12-29 13:26:57','2017-12-29 13:26:57','2017-12-29 13:26:57','2017-12-29 13:26:57',NULL,0,NULL,NULL,NULL,'NA','NA'),(96,1,'CANON12','MN0009','SN',1,'','',0,'','',' ','','','C','','2017-12-29 10:41:29','2017-12-29 13:28:13','2017-12-29 10:41:29','0',NULL,'NCE/2017-18/113',NULL,NULL,NULL,'2763039355V','12000',NULL,NULL,'NA',NULL,'NA',NULL,'NA',NULL,'2017-12-29 13:28:13','2017-12-29 20:21:22','2017-12-29 13:28:13','2017-12-29 13:28:13',NULL,0,NULL,NULL,NULL,'NA','NA'),(97,1,'CANON12 KUCH BHI LELE KYA KARNA HAI','MN0009','SN',1,'','',0,'','',' ','','','C','','2017-12-29 10:41:29','2017-12-29 13:30:37','2017-12-29 10:41:29','0',NULL,'NCE/2017-18/114',NULL,NULL,NULL,'2763039355V','12000',NULL,NULL,'NA',NULL,'NA',NULL,'NA',NULL,'2017-12-29 13:30:37','2017-12-29 20:21:16','2017-12-29 13:30:37','2017-12-29 13:30:37',NULL,0,NULL,NULL,NULL,'NA','NA'),(98,1,'CANON666666 KUCH BHI LELE KYA KARNA HAI','MN0009','SN',1,'','',0,'','',' ','','','DTC','','2017-12-29 10:41:29','2017-12-29 21:44:55','2017-12-29 10:41:29','0',NULL,'NCE/2017-18/115',NULL,NULL,NULL,'2763039355V','12000','213111213',NULL,'NA',NULL,'NA',NULL,'NA',NULL,'2017-12-29 13:56:52','2017-12-29 20:21:12','2017-12-29 13:56:52','2017-12-29 13:56:52',NULL,0,'','','','NA','NA'),(99,1,'CANON666666 KUCH BHI LELE KYA KARNA HAI','MN0009','SN',1,'','',0,'','',' ','','','DTC','','2017-12-29 10:41:29','2017-12-29 20:25:13','2017-12-29 10:41:29','0',NULL,'NCE/2017-18/116',NULL,NULL,NULL,'2763039355V','9222','110778',NULL,'NA',NULL,'NA',NULL,'NA',NULL,'2017-12-29 14:00:14','2017-12-29 20:21:07','2017-12-29 14:00:14','2017-12-29 14:00:14',NULL,0,'','','','NA','NA'),(100,1,'CANON666666 KUCH BHI LELE KYA KARNA HAI','MN0009','SN',1,'','',0,'','',' ','','','DTC','','2017-12-29 10:41:29','2017-12-29 20:23:53','2017-12-29 10:41:29','0',NULL,'NCE/2017-18/117',NULL,NULL,NULL,'2763039355V','9222','2778',NULL,'NA',NULL,'NA',NULL,'NA',NULL,'2017-12-29 14:00:48','2017-12-29 20:21:03','2017-12-29 14:00:48','2017-12-29 14:00:48',NULL,0,'','','','NA','NA'),(101,1,'CANON666666 KUCH BHI LELE KYA KARNA HAI','MN0009','SN',1,'','',0,'','',' ','','','DTC','','2017-12-29 10:41:29','2017-12-29 20:23:00','2017-12-29 10:41:29','0',NULL,'NCE/2017-18/118',NULL,NULL,NULL,'2763039355V','9222','220778',NULL,'NA',NULL,'NA',NULL,'NA',NULL,'2017-12-29 15:55:08','2017-12-29 20:20:57','2017-12-29 15:55:08','2017-12-29 15:55:08',NULL,0,'','','','NA','NA'),(102,1,'CANON666666 KUCH BHI LELE KYA KARNA HAI','MN0009','SN',1,'','',0,'','',' ','','','DTC','','2017-12-29 10:41:29','2017-12-29 20:22:19','2017-12-29 10:41:29','0',NULL,'NCE/2017-18/119',NULL,NULL,NULL,'2763039355V','0','12000',NULL,'NA',NULL,'NA',NULL,'NA',NULL,'2017-12-29 15:57:01','2017-12-29 20:20:49','2017-12-29 15:57:01','2017-12-29 15:57:01',NULL,0,'','','','NA','NA'),(103,1,'CANON666666 KUCH BHI LELE KYA KARNA HAI','MN0009','SN',1,'','',0,'','',' ','','','DTC','','2017-12-29 10:41:29','2017-12-29 20:21:48','2017-12-29 10:41:29','0',NULL,'NCE/2017-18/120',NULL,NULL,NULL,'2763039355V','0','1200',NULL,'NA',NULL,'NA',NULL,'NA',NULL,'2017-12-29 16:00:15','2017-12-29 20:20:44','2017-12-29 16:00:15','2017-12-29 16:00:15',NULL,0,'','','','NA','NA');

/*Data for the table `validemporiumuser` */

insert  into `validemporiumuser`(`empId`,`empName`,`empPassword`,`empRole`) values (1,'admin','admin','ADMIN'),(2,'tech','tech','TECH');

/*!40101 SET SQL_MODE=@OLD_SQL_MODE */;
/*!40014 SET FOREIGN_KEY_CHECKS=@OLD_FOREIGN_KEY_CHECKS */;
/*!40014 SET UNIQUE_CHECKS=@OLD_UNIQUE_CHECKS */;
/*!40111 SET SQL_NOTES=@OLD_SQL_NOTES */;
