/*
SQLyog Community v12.09 (64 bit)
MySQL - 5.6.35-log : Database - nce_db
*********************************************************************
*/

/*!40101 SET NAMES utf8 */;

/*!40101 SET SQL_MODE=''*/;

/*!40014 SET @OLD_UNIQUE_CHECKS=@@UNIQUE_CHECKS, UNIQUE_CHECKS=0 */;
/*!40014 SET @OLD_FOREIGN_KEY_CHECKS=@@FOREIGN_KEY_CHECKS, FOREIGN_KEY_CHECKS=0 */;
/*!40101 SET @OLD_SQL_MODE=@@SQL_MODE, SQL_MODE='NO_AUTO_VALUE_ON_ZERO' */;
/*!40111 SET @OLD_SQL_NOTES=@@SQL_NOTES, SQL_NOTES=0 */;
CREATE DATABASE /*!32312 IF NOT EXISTS*/`nce_db` /*!40100 DEFAULT CHARACTER SET utf8 */;

USE `nce_db`;

/*Table structure for table `emp_customer_table` */

DROP TABLE IF EXISTS `emp_customer_table`;

CREATE TABLE `emp_customer_table` (
  `id` int(11) NOT NULL AUTO_INCREMENT,
  `name` varchar(255) DEFAULT NULL,
  `address` varchar(255) DEFAULT NULL,
  `phone` varchar(15) DEFAULT NULL,
  `alternate_number` varchar(90) DEFAULT NULL,
  `email_id` varchar(90) DEFAULT NULL,
  PRIMARY KEY (`id`)
) ENGINE=InnoDB AUTO_INCREMENT=150 DEFAULT CHARSET=utf8;

/*Data for the table `emp_customer_table` */

insert  into `emp_customer_table`(`id`,`name`,`address`,`phone`,`alternate_number`,`email_id`) values (6,'SANDEEP BAMANE','LOHAGAON','9765896417',NULL,NULL),(7,'KETAN','KETAN HOUSE','8149620252',NULL,NULL),(8,'RAJENDRA KALE','PUNE','9860568661',NULL,NULL),(9,'RUSHIKESH BATHE','PUNE','8411807077',NULL,NULL),(10,'SUDHIR NAIK','MUMBAI','9921008559',NULL,NULL),(11,'AJAY PHOTO','SANGALI','9921100924',NULL,NULL),(12,'ANAND RAJPUT','PUNE','9922758866',NULL,NULL),(13,'OM HULAVALE','PUNE','9769148512',NULL,NULL),(14,'IMAGE MEDIA','PUNE','9923226569',NULL,NULL),(15,'MR.RAJESH','PUNE','9822261258',NULL,NULL),(16,'PAWAR SANTOSH','SATARA','9423008559',NULL,NULL),(17,'HARSH AGASHE','PUNE','9822917797',NULL,NULL),(18,'D.D.KULKARNI','PUNE','9860093394',NULL,NULL),(19,'D D KULKARNI','PUNE','',NULL,NULL),(20,'Aniket Natu','pune','8806066394',NULL,NULL),(21,'RAM PATOLE','PUNE','9860178335',NULL,NULL),(22,'AKSHAY GOKHALE','PUNE','9860601776',NULL,NULL),(23,'CHANDRAKUMARAN','PUNE','9419240811',NULL,NULL),(24,'A.K.PURANDARE','PUNE','9422001258',NULL,NULL),(25,'Shiel Danait','PUNE','9119586561',NULL,NULL),(26,'DISHA PUBLICATIONS & EVENTS','PUNE','9604789789',NULL,NULL),(27,'SHRISH BHANAGE','PUNE','9714192383',NULL,NULL),(28,'ABHIJIT VAISHAMPAYAN','PUNE','9168426600',NULL,NULL),(29,'HRUSHIKESH DAHALE','PUNE','9960343134',NULL,NULL),(30,'ANIKET DANGISTE','PUNE','8888636043',NULL,NULL),(31,'MR.AMIT GHANGURDE','PUNE','9689365224',NULL,NULL),(32,'MR .AMIT GHANGURDE','PUNE','9689365224',NULL,NULL),(33,'DR.MAHAJAN','PUNE','9371020638',NULL,NULL),(34,'MR.MILIND MARATHE','PUNE','8600044984',NULL,NULL),(35,'MR.ABHIRAM','KARVE NAGAR PUNE','9923063516',NULL,NULL),(36,'MR ABHIRAM','PUNE','9923063516',NULL,NULL),(37,'MR.JAYDEV PAGE','PUNE','8149116213',NULL,NULL),(38,'MR.SUNIL MORE','KOTHRUD PUNE 38','9545450289',NULL,NULL),(39,'KISHOR GUMASTE','PUNE','9422034520',NULL,NULL),(40,'MR. VIKAS KHARE','PUNE','9881231509',NULL,NULL),(41,'MR VIKASH KHARE','PUNE','9881231509',NULL,NULL),(42,'MR. NIRANJAN BHIDE','PUNE','9860500708',NULL,NULL),(43,'MR.SOHAN SURYAKANT DHEBE','PUNE','9527349859',NULL,NULL),(44,'NAINA PANEMANGLOR','PUNE','9890099943',NULL,NULL),(45,'MR.SHIROLKAR BHALCHANDRA','PUNE','9422035895',NULL,NULL),(46,'MR.D.K. DESHPANDE','PUNE','7588230360',NULL,NULL),(47,'MR. DATTATRAYA NIMBALKAR','BARAMATI','7775867465',NULL,NULL),(48,'MR AMRISH BHATIA','PUNE','9860300543',NULL,NULL),(49,'MR.SUMESH KULKARNI','PUNE','7887445106',NULL,NULL),(50,'MR SUMESH KULKARNI','PUNE','7887445106',NULL,NULL),(51,'MR.GANESH NIVANGUNE','KEDGAON','9763485043',NULL,NULL),(52,'MR.RAMESH B. KALE','PUNE','9922936928',NULL,NULL),(53,'BHAVNA PHOTO','SATARA','7507454171',NULL,NULL),(54,'MR GAUTAM BHOSALE','PUNE','9881258964',NULL,NULL),(55,'MR. NITIN GUNWARE','BHIGWAN','9623535555',NULL,NULL),(56,'MR.MOHAN UNDE','','9096046098',NULL,NULL),(57,'NITIN SHETE','','9767815880',NULL,NULL),(58,'MR.MOHAN DAREKAR','PUNE','9869541594',NULL,NULL),(59,'PHOTOARTIO','','9881581515',NULL,NULL),(60,'MR.SANTOSH KUMBHAR','CHAKAN','9921375873',NULL,NULL),(61,'MR. ANAND RASANE','PUNE','9811090434',NULL,NULL),(62,'MR.SANDEEP KHADE STUDIOS','PUNE','9689947545',NULL,NULL),(63,'MR.SANKET MODAK','PUNE','9225245752',NULL,NULL),(64,'R.V.MEHENDALE','PUNE','9421034240',NULL,NULL),(65,'MR.KEDAR PITRE','PUNE','9423005148',NULL,NULL),(66,'MR.SACHIN PUTTOL','PIMPALE GURAV (PUNE)','9850844032',NULL,NULL),(67,'MISS.KALYANI P. VELAPURE','pune','9881408483',NULL,NULL),(68,'MR.SANDEEP MAHADIK','PUNE','9923771002',NULL,NULL),(69,'MR. KIRAN KANDHARE','PUNE','9921710317',NULL,NULL),(70,'MR.GAYGANESH PHOTO STUDIO','PUNE','9637696943',NULL,NULL),(71,'SHALAKA ANTRE','PUNE','9421908602',NULL,NULL),(72,'MR.PUSHKAR CHAUBAL','PUNE','9834877386',NULL,NULL),(73,'MR. AMOL PUSANDE','PUNE','9763578877',NULL,NULL),(74,'THE ACADEMIC ADVISORS','KOTHRUD PUNE','9850230064',NULL,NULL),(75,'THE ACADEMIC ADVISORS','KOTHRUD PUNE','9850230064',NULL,NULL),(76,'THE ACADEMIC ADVISORS','KOTHRUD PUNE','9850230064',NULL,NULL),(77,'THE ACADEMIC ADVISORS','KOTHRUD PUNE','9850230064',NULL,NULL),(78,'THE ACADEMIC ADVISORS','KOTHRUD PUNE','9850230064',NULL,NULL),(79,'THE ACADEMIC ADVISORS','KOTHRUD PUNE','9850230064',NULL,NULL),(80,'THE ACADEMIC ADVISORS','KOTHRUD PUNE','9850230064',NULL,NULL),(81,'THE ACADEMIC ADVISORS','KOTHRUD PUNE','9850230064',NULL,NULL),(82,'THE ACADEMIC ADVISORS','KOTHRUD PUNE','9850230064',NULL,NULL),(83,'THE ACADEMIC ADVISORS','KOTHRUD PUNE','9850230064',NULL,NULL),(84,'THE ACADEMIC ADVISORS','KOTHRUD PUNE','9850230064',NULL,NULL),(85,'THE ACADEMIC ADVISORS','KOTHRUD PUNE','9850230064',NULL,NULL),(86,'MR.VINOD BODHANKAR','PUNE','9850230064',NULL,NULL),(87,'MR.ABHIJIT DAKHAWE','PUNE','9527353013',NULL,NULL),(88,'MR.SHRIKANT RANDHAVE','PUNE','8378930081',NULL,NULL),(89,'MR.SUHAS MADIWALE','','9881244545',NULL,NULL),(90,'MR.SWAPNIL BANKAR','PUNE','8805514711',NULL,NULL),(91,'MR.HARSHAD DEODHAR','PUNE','9850572463',NULL,NULL),(92,'MR.N.D.DESKMUKH','PUNE','9960977289',NULL,NULL),(93,'MR.SACHIN PAWAR','PUNE','9823239957',NULL,NULL),(94,'DHANANJAY AMBAVALE','PUNE','9850615858',NULL,NULL),(95,'POOJA JAVALE','pune','8412833033',NULL,NULL),(96,'MR.AMIT BHANDARE','PUNE','9096370103',NULL,NULL),(97,'MR. AMIT BHANDARE','PUNE','9096370103',NULL,NULL),(98,'MR.MAYUR FLASH PHOTO','PUNE','9422520466',NULL,NULL),(99,'ANIL BELDAR','PUNE','9922799029',NULL,NULL),(100,'MR. CHANDRASHEKHAR WADGAONKAR','PUNE','9850651966',NULL,NULL),(101,'MR.SHITAL RAMCHANDRE','PUNE','9096161533',NULL,NULL),(102,'PREETAL CHAUDHARI','PUNE','9822754339',NULL,NULL),(103,'MR.SACHIN  NIPADKAR','PUNE','7038852404',NULL,NULL),(104,'MR.MAYANK DHANAWADE','pune','9762788794',NULL,NULL),(105,'MR.SAURABH KADAM','PUNE','8999165500',NULL,NULL),(106,'MR.MAYUR DANEAR','PUNE','9595451158',NULL,NULL),(107,'DR.ANURADHA SOWANI','PUNE','9890305066',NULL,NULL),(108,'MR.STYLE PHOTO STUDIO','PUNE','9970833755',NULL,NULL),(109,'MR.DHANANJAY AMBAVALE','PUNE','9850615858',NULL,NULL),(110,'MR.SACHIN ANGRE','PUNE','9850132016',NULL,NULL),(111,'MR.GANESH R.K.','PUNE','9767840839',NULL,NULL),(112,'MR.TUSHAR ZAMBRE','PUNE','9822527050',NULL,NULL),(113,'MR.SHRAVAN KADUSKAR','','8446001030',NULL,NULL),(114,'MR.SUSHIL RAVERKAR','PUNE','8275023138',NULL,NULL),(115,'MR.DEEPAK MULAY','PUNE','9822041167',NULL,NULL),(116,'MR.PRASAD GOKULKAR','PUNE','8446224993',NULL,NULL),(117,'MR.ABHISHEK PHADNAVIS','PUNE','9823996897',NULL,NULL),(118,'MR.SANDEEP BAPAT','PUNE','7276657266',NULL,NULL),(119,'NATIONAL INSURANCE CO.','LONAVALA','8411886099',NULL,NULL),(120,'mrs joyti karanje','shikrapur','9921526516',NULL,NULL),(121,'mrs joyti karanje','shikrapur','9921526516',NULL,NULL),(122,'mrs joyti karanje','shikrapur','9921526516',NULL,NULL),(123,'mrs joyti karanje','shikrapur','9921526516',NULL,NULL),(124,'mrs joyti karanje','shikrapur','9921526516',NULL,NULL),(125,'mrs joyti karanje','shikrapur','9921526516',NULL,NULL),(126,'mrs joyti karanje','shikrapur','9921526516',NULL,NULL),(127,'mrs joyti karanje','shikrapur','9921526516',NULL,NULL),(128,'mrs joyti karanje','shikrapur','9921526516',NULL,NULL),(129,'mrs joyti karanje','shikrapur','9921526516',NULL,NULL),(130,'mrs joyti karanje','shikrapur','9921526516',NULL,NULL),(131,'MR.AMAR BORAWAKE','NANDED CITY ( PUNE)','9673031333',NULL,NULL),(132,'MR.MIHIR MAHAJAN','PUNE','9372253468',NULL,NULL),(133,'MR MIHIR MAHAJAN','PUNE','9372253468',NULL,NULL),(134,'MR.PATWARDHAN PUSHKAR','PUNE','9011051559',NULL,NULL),(135,'MR.SHANTARAM JADHAV','PUNE','9921603136',NULL,NULL),(136,'DIVIJA PHOTO STUDIO (UTKARSHA KARVANDE)','AURANGABAD','9028988777',NULL,NULL),(137,'ANITA ATALATTI','PUNE','9423584965',NULL,NULL),(138,'DR.TAMASKAR PRAFULLA','pune','9850831793',NULL,NULL),(139,'DR.TAMASKAR PRAFULLA','pune','9850831793',NULL,NULL),(140,'DR.TAMASKAR PRAFULLA','pune','9850831793',NULL,NULL),(141,'DR.TAMASKAR PRAFULLA','pune','9850831793',NULL,NULL),(142,'DR.TAMASKAR PRAFULLA','pune','9850831793',NULL,NULL),(143,'DR.TAMASKAR PRAFULLA','pune','9850831793',NULL,NULL),(144,'VIMAL PHOTO LAB','KOPARGAON','8275522263',NULL,NULL),(145,'MR.ROHAN GAIKWAD','PUNE','8830431854',NULL,NULL),(146,'MR.SUNIL SHINDE','PUNE','9011027658',NULL,NULL),(147,'MR.DILIP PHADKE','PUNE','9822914544',NULL,NULL),(148,'MR.RAVI DHAYGUDE','PUNE','9011087582',NULL,NULL),(149,'MR.SANTOSH BANGAR','KATRAJ PUNE','9822550172',NULL,NULL);

/*Table structure for table `emp_product_table` */

DROP TABLE IF EXISTS `emp_product_table`;

CREATE TABLE `emp_product_table` (
  `id` int(11) NOT NULL AUTO_INCREMENT,
  `brandName` varchar(20) DEFAULT NULL,
  `brandModel` varchar(30) DEFAULT NULL,
  `serialNumber` varchar(20) DEFAULT NULL,
  `price` int(30) DEFAULT NULL,
  `tax_type` varchar(30) DEFAULT NULL,
  `stockQuantity` int(30) DEFAULT NULL,
  `isService` tinyint(1) DEFAULT '0',
  PRIMARY KEY (`id`)
) ENGINE=InnoDB AUTO_INCREMENT=27 DEFAULT CHARSET=utf8;

/*Data for the table `emp_product_table` */

insert  into `emp_product_table`(`id`,`brandName`,`brandModel`,`serialNumber`,`price`,`tax_type`,`stockQuantity`,`isService`) values (1,'NNN','21321','3432432',1900,'VAT-1',NULL,0),(2,'kksadasdsa','213324','324234',90000,'VAT-2',NULL,0),(3,'CANON','EOS 1300D','65995223',2500,'NONE',NULL,0),(4,'nikon','nikonMN','nikonSN',12000,'0',NULL,0),(5,'Olympus','EM 5 MARK ll','BFKA65436',100750,'0',NULL,0),(6,'CANON LENS','18-55MM IS','5342010796',500,'0',NULL,0),(7,'CANON POWER SHOT','SX 540 HS','448260000048',22000,'0',NULL,0),(8,'SIMPEX TRIPOD','2400','NIL',2250,'0',NULL,0),(9,'LOWEPRO','TOP LOADER 55AW','NIL',2500,'0',NULL,0),(10,'CANON','PSA SX-60 HS','448253000156',28975,'0',NULL,0),(11,'NIKON BATTERY','EN-EL 14a','NIL',2400,'0',NULL,0),(12,'CANON LENS','EF-50MM/F/1.8 STM','5715211693',8000,'0',NULL,0),(13,'sony cell','2500mah','',125,'0',NULL,0),(14,'power smart','charger','ps-346',800,'0',NULL,0),(15,'sony battery NP-BN1','battery NP-BN1','',2000,'0',NULL,0),(16,'sony battery NP-BN1','battery NP-BN1','',2000,'0',NULL,0),(17,'sony battery NP-BN1','battery NP-BN1','',2000,'0',NULL,0),(18,'sony battery NP-BN1','battery NP-BN1','',2000,'0',NULL,0),(19,'sony battery NP-BN1','battery NP-BN1','',2000,'0',NULL,0),(20,'sony battery NP-BN1','battery NP-BN1','',2000,'0',NULL,0),(21,'sony battery NP-BN1','battery NP-BN1','',2000,'0',NULL,0),(22,'sony battery NP-BN1','battery NP-BN1','',2000,'0',NULL,0),(23,'sony battery NP-BN1','battery NP-BN1','',2000,'0',NULL,0),(24,'smart pro charger','np bn1','nil',850,'0',NULL,0),(25,'Nikon lens','AF-200-500MM','2082214',91000,'0',NULL,0),(26,'OLYMPUS','BINOCULAR 8X40DPS I','1560795',5000,'0',NULL,0);

/*Table structure for table `payment_details_table` */

DROP TABLE IF EXISTS `payment_details_table`;

CREATE TABLE `payment_details_table` (
  `id` int(40) NOT NULL AUTO_INCREMENT,
  `cash` varchar(60) DEFAULT NULL,
  `cheqNo` varchar(60) DEFAULT NULL,
  `bankName` varchar(60) DEFAULT NULL,
  `ifscCode` varchar(60) DEFAULT NULL,
  `cheqDate` varchar(60) DEFAULT NULL,
  `accountNo` varchar(60) DEFAULT NULL,
  `cardNo` varchar(60) DEFAULT NULL,
  `invoice_id` varchar(60) DEFAULT NULL,
  `invoice_tin` varchar(60) DEFAULT NULL,
  `amount` float(10,2) DEFAULT NULL,
  PRIMARY KEY (`id`)
) ENGINE=InnoDB AUTO_INCREMENT=47 DEFAULT CHARSET=utf8;

/*Data for the table `payment_details_table` */

insert  into `payment_details_table`(`id`,`cash`,`cheqNo`,`bankName`,`ifscCode`,`cheqDate`,`accountNo`,`cardNo`,`invoice_id`,`invoice_tin`,`amount`) values (1,NULL,NULL,NULL,NULL,NULL,NULL,NULL,'1','',361900.00),(2,NULL,NULL,NULL,NULL,NULL,NULL,NULL,'CE/2017-18/5','27AAJPN5433F1ZO',12500.00),(3,NULL,NULL,NULL,NULL,NULL,NULL,NULL,'CE/2017-18/6','27AAJPN5433F1ZO',12000.00),(4,NULL,NULL,NULL,NULL,NULL,NULL,NULL,'CE/2017-18/8','27AAJPN5433F1ZO',5000.00),(5,NULL,NULL,NULL,NULL,NULL,NULL,NULL,'CE/2017-18/9','27AAJPN5433F1ZO',100750.00),(6,NULL,NULL,NULL,NULL,NULL,NULL,NULL,'CE/2017-18/10','27AAJPN5433F1ZO',27500.00),(7,NULL,NULL,NULL,NULL,NULL,NULL,NULL,'CE/2017-18/11','27AAJPN5433F1ZO',27500.00),(8,NULL,NULL,NULL,NULL,NULL,NULL,NULL,'CE/2017-18/12','27AAJPN5433F1ZO',35002.00),(9,NULL,NULL,NULL,NULL,NULL,NULL,NULL,'CE/2017-18/13','27AAJPN5433F1ZO',22000.00),(10,NULL,NULL,'VISA',NULL,NULL,NULL,'','CE/2017-18/14','27AAJPN5433F1ZO',4750.00),(11,NULL,NULL,NULL,NULL,NULL,NULL,NULL,'CE/2017-18/15','27AAJPN5433F1ZO',28975.00),(12,NULL,NULL,NULL,NULL,NULL,NULL,NULL,'CE/2017-18/16','27AAJPN5433F1ZO',16110.00),(13,NULL,NULL,NULL,NULL,NULL,NULL,NULL,'CE/2017-18/17','27AAJPN5433F1ZO',16110.00),(14,NULL,NULL,NULL,NULL,NULL,NULL,NULL,'CE/2017-18/18','27AAJPN5433F1ZO',16110.00),(15,NULL,NULL,NULL,NULL,NULL,NULL,NULL,'CE/2017-18/19','27AAJPN5433F1ZO',16110.00),(16,NULL,NULL,NULL,NULL,NULL,NULL,NULL,'CE/2017-18/20','27AAJPN5433F1ZO',16110.00),(17,NULL,NULL,NULL,NULL,NULL,NULL,NULL,'CE/2017-18/21','27AAJPN5433F1ZO',16110.00),(18,NULL,NULL,NULL,NULL,NULL,NULL,NULL,'CE/2017-18/22','27AAJPN5433F1ZO',16110.00),(19,NULL,NULL,NULL,NULL,NULL,NULL,NULL,'CE/2017-18/23','27AAJPN5433F1ZO',16110.00),(20,NULL,NULL,NULL,NULL,NULL,NULL,NULL,'CE/2017-18/24','27AAJPN5433F1ZO',16110.00),(21,NULL,NULL,NULL,NULL,NULL,NULL,NULL,'CE/2017-18/25','27AAJPN5433F1ZO',16110.00),(22,NULL,NULL,NULL,NULL,NULL,NULL,NULL,'CE/2017-18/26','27AAJPN5433F1ZO',16110.00),(23,NULL,NULL,NULL,NULL,NULL,NULL,NULL,'CE/2017-18/27','27AAJPN5433F1ZO',16110.00),(24,NULL,NULL,'VISA',NULL,NULL,NULL,'','CE/2017-18/28','27AAJPN5433F1ZO',2400.00),(25,NULL,NULL,'MASTER CARD',NULL,NULL,NULL,'5241 9333 7408 9001','CE/2017-18/29','27AAJPN5433F1ZO',8000.00),(26,NULL,NULL,NULL,NULL,NULL,NULL,NULL,'CE/2017-18/30','27AAJPN5433F1ZO',1800.00),(27,NULL,NULL,NULL,NULL,NULL,NULL,NULL,'CE/2017-18/31','27AAJPN5433F1ZO',2850.00),(28,NULL,NULL,NULL,NULL,NULL,NULL,NULL,'CE/2017-18/32','27AAJPN5433F1ZO',2850.00),(29,NULL,NULL,NULL,NULL,NULL,NULL,NULL,'CE/2017-18/33','27AAJPN5433F1ZO',2850.00),(30,NULL,NULL,NULL,NULL,NULL,NULL,NULL,'CE/2017-18/34','27AAJPN5433F1ZO',2850.00),(31,NULL,NULL,NULL,NULL,NULL,NULL,NULL,'CE/2017-18/35','27AAJPN5433F1ZO',2850.00),(32,NULL,NULL,NULL,NULL,NULL,NULL,NULL,'CE/2017-18/36','27AAJPN5433F1ZO',2850.00),(33,NULL,NULL,NULL,NULL,NULL,NULL,NULL,'CE/2017-18/37','27AAJPN5433F1ZO',2850.00),(34,NULL,NULL,NULL,NULL,NULL,NULL,NULL,'CE/2017-18/38','27AAJPN5433F1ZO',2850.00),(35,NULL,NULL,NULL,NULL,NULL,NULL,NULL,'CE/2017-18/39','27AAJPN5433F1ZO',2850.00),(36,NULL,NULL,NULL,NULL,NULL,NULL,NULL,'CE/2017-18/40','27AAJPN5433F1ZO',2850.00),(37,NULL,NULL,NULL,NULL,NULL,NULL,NULL,'CE/2017-18/41','27AAJPN5433F1ZO',2850.00),(38,NULL,NULL,NULL,NULL,NULL,NULL,NULL,'CE/2017-18/42','27AAJPN5433F1ZO',91000.00),(39,NULL,NULL,NULL,NULL,NULL,NULL,NULL,'CE/2017-18/43','27AAJPN5433F1ZO',91000.00),(40,NULL,NULL,NULL,NULL,NULL,NULL,NULL,'CE/2017-18/44','27AAJPN5433F1ZO',91000.00),(41,NULL,NULL,NULL,NULL,NULL,NULL,NULL,'CE/2017-18/45','27AAJPN5433F1ZO',91000.00),(42,NULL,NULL,NULL,NULL,NULL,NULL,NULL,'CE/2017-18/46','27AAJPN5433F1ZO',91000.00),(43,NULL,NULL,NULL,NULL,NULL,NULL,NULL,'CE/2017-18/47','27AAJPN5433F1ZO',91000.00),(44,NULL,NULL,NULL,NULL,NULL,NULL,NULL,'CE/2017-18/48','27AAJPN5433F1ZO',91000.00),(45,NULL,NULL,NULL,NULL,NULL,NULL,NULL,'CE/2017-18/49','27AAJPN5433F1ZO',5000.00),(46,NULL,NULL,NULL,NULL,NULL,NULL,NULL,'CE/2017-18/50','27AAJPN5433F1ZO',5000.00);

/*Table structure for table `repair_invoice_table` */

DROP TABLE IF EXISTS `repair_invoice_table`;

CREATE TABLE `repair_invoice_table` (
  `id` int(30) NOT NULL AUTO_INCREMENT,
  `actualInvoiceId` varchar(60) DEFAULT NULL,
  `defaultValue` varchar(60) NOT NULL DEFAULT 'NCE/2017-18/',
  `vat_tin_number` varchar(60) DEFAULT '2763039355V',
  PRIMARY KEY (`id`),
  UNIQUE KEY `actualInvoiceId` (`actualInvoiceId`)
) ENGINE=InnoDB AUTO_INCREMENT=169 DEFAULT CHARSET=utf8;

/*Data for the table `repair_invoice_table` */

insert  into `repair_invoice_table`(`id`,`actualInvoiceId`,`defaultValue`,`vat_tin_number`) values (1,'1','NCE/2017-18/','2763039355V'),(2,'NCE/2017-18/2','NCE/2017-18/','2763039355V'),(3,'NCE/2017-18/3','NCE/2017-18/','2763039355V'),(4,'NCE/2017-18/4','NCE/2017-18/','2763039355V'),(5,'NCE/2017-18/5','NCE/2017-18/','2763039355V'),(6,'NCE/2017-18/6','NCE/2017-18/','2763039355V'),(7,'NCE/2017-18/7','NCE/2017-18/','2763039355V'),(8,'NCE/2017-18/8','NCE/2017-18/','2763039355V'),(9,'NCE/2017-18/9','NCE/2017-18/','2763039355V'),(10,'NCE/2017-18/10','NCE/2017-18/','2763039355V'),(11,'NCE/2017-18/11','NCE/2017-18/','2763039355V'),(12,'NCE/2017-18/12','NCE/2017-18/','2763039355V'),(13,'NCE/2017-18/13','NCE/2017-18/','2763039355V'),(14,'NCE/2017-18/14','NCE/2017-18/','2763039355V'),(15,'NCE/2017-18/15','NCE/2017-18/','2763039355V'),(16,'NCE/2017-18/16','NCE/2017-18/','2763039355V'),(17,'NCE/2017-18/17','NCE/2017-18/','2763039355V'),(18,'NCE/2017-18/18','NCE/2017-18/','2763039355V'),(19,'NCE/2017-18/19','NCE/2017-18/','2763039355V'),(20,'NCE/2017-18/20','NCE/2017-18/','2763039355V'),(21,'NCE/2017-18/21','NCE/2017-18/','2763039355V'),(22,'NCE/2017-18/22','NCE/2017-18/','2763039355V'),(23,'NCE/2017-18/23','NCE/2017-18/','2763039355V'),(24,'NCE/2017-18/24','NCE/2017-18/','2763039355V'),(25,'NCE/2017-18/25','NCE/2017-18/','2763039355V'),(26,'NCE/2017-18/26','NCE/2017-18/','2763039355V'),(27,'NCE/2017-18/27','NCE/2017-18/','2763039355V'),(28,'NCE/2017-18/28','NCE/2017-18/','2763039355V'),(29,'NCE/2017-18/29','NCE/2017-18/','2763039355V'),(30,'NCE/2017-18/30','NCE/2017-18/','2763039355V'),(31,'NCE/2017-18/31','NCE/2017-18/','2763039355V'),(32,'NCE/2017-18/32','NCE/2017-18/','2763039355V'),(33,'NCE/2017-18/33','NCE/2017-18/','2763039355V'),(34,'NCE/2017-18/34','NCE/2017-18/','2763039355V'),(35,'NCE/2017-18/35','NCE/2017-18/','2763039355V'),(36,'NCE/2017-18/36','NCE/2017-18/','2763039355V'),(37,'NCE/2017-18/37','NCE/2017-18/','2763039355V'),(38,'NCE/2017-18/38','NCE/2017-18/','2763039355V'),(39,'NCE/2017-18/39','NCE/2017-18/','2763039355V'),(40,'NCE/2017-18/40','NCE/2017-18/','2763039355V'),(41,'NCE/2017-18/41','NCE/2017-18/','2763039355V'),(42,'NCE/2017-18/42','NCE/2017-18/','2763039355V'),(43,'NCE/2017-18/43','NCE/2017-18/','2763039355V'),(44,'NCE/2017-18/44','NCE/2017-18/','2763039355V'),(45,'NCE/2017-18/45','NCE/2017-18/','2763039355V'),(46,'NCE/2017-18/46','NCE/2017-18/','2763039355V'),(47,'NCE/2017-18/47','NCE/2017-18/','2763039355V'),(48,'NCE/2017-18/48','NCE/2017-18/','2763039355V'),(49,'NCE/2017-18/49','NCE/2017-18/','2763039355V'),(50,'NCE/2017-18/50','NCE/2017-18/','2763039355V'),(51,'NCE/2017-18/51','NCE/2017-18/','2763039355V'),(52,'NCE/2017-18/52','NCE/2017-18/','2763039355V'),(53,'NCE/2017-18/53','NCE/2017-18/','2763039355V'),(54,'NCE/2017-18/54','NCE/2017-18/','2763039355V'),(55,'NCE/2017-18/55','NCE/2017-18/','2763039355V'),(56,'NCE/2017-18/56','NCE/2017-18/','2763039355V'),(57,'NCE/2017-18/57','NCE/2017-18/','2763039355V'),(58,'NCE/2017-18/58','NCE/2017-18/','2763039355V'),(59,'NCE/2017-18/59','NCE/2017-18/','2763039355V'),(60,'NCE/2017-18/60','NCE/2017-18/','2763039355V'),(61,'NCE/2017-18/61','NCE/2017-18/','2763039355V'),(62,'NCE/2017-18/62','NCE/2017-18/','2763039355V'),(63,'NCE/2017-18/63','NCE/2017-18/','2763039355V'),(64,'NCE/2017-18/64','NCE/2017-18/','2763039355V'),(65,'NCE/2017-18/65','NCE/2017-18/','2763039355V'),(66,'NCE/2017-18/66','NCE/2017-18/','2763039355V'),(67,'NCE/2017-18/67','NCE/2017-18/','2763039355V'),(68,'NCE/2017-18/68','NCE/2017-18/','2763039355V'),(69,'NCE/2017-18/69','NCE/2017-18/','2763039355V'),(70,'NCE/2017-18/70','NCE/2017-18/','2763039355V'),(71,'NCE/2017-18/71','NCE/2017-18/','2763039355V'),(72,'NCE/2017-18/72','NCE/2017-18/','2763039355V'),(73,'NCE/2017-18/73','NCE/2017-18/','2763039355V'),(74,'NCE/2017-18/74','NCE/2017-18/','2763039355V'),(75,'NCE/2017-18/75','NCE/2017-18/','2763039355V'),(76,'NCE/2017-18/76','NCE/2017-18/','2763039355V'),(77,'NCE/2017-18/77','NCE/2017-18/','2763039355V'),(78,'NCE/2017-18/78','NCE/2017-18/','2763039355V'),(79,'NCE/2017-18/79','NCE/2017-18/','2763039355V'),(80,'NCE/2017-18/80','NCE/2017-18/','2763039355V'),(81,'NCE/2017-18/81','NCE/2017-18/','2763039355V'),(82,'NCE/2017-18/82','NCE/2017-18/','2763039355V'),(83,'NCE/2017-18/83','NCE/2017-18/','2763039355V'),(84,'NCE/2017-18/84','NCE/2017-18/','2763039355V'),(85,'NCE/2017-18/85','NCE/2017-18/','2763039355V'),(86,'NCE/2017-18/86','NCE/2017-18/','2763039355V'),(87,'NCE/2017-18/87','NCE/2017-18/','2763039355V'),(88,'NCE/2017-18/88','NCE/2017-18/','2763039355V'),(89,'NCE/2017-18/89','NCE/2017-18/','2763039355V'),(90,'NCE/2017-18/90','NCE/2017-18/','2763039355V'),(91,'NCE/2017-18/91','NCE/2017-18/','2763039355V'),(92,'NCE/2017-18/92','NCE/2017-18/','2763039355V'),(93,'NCE/2017-18/93','NCE/2017-18/','2763039355V'),(94,'NCE/2017-18/94','NCE/2017-18/','2763039355V'),(95,'NCE/2017-18/95','NCE/2017-18/','2763039355V'),(96,'NCE/2017-18/96','NCE/2017-18/','2763039355V'),(97,'NCE/2017-18/97','NCE/2017-18/','2763039355V'),(98,'NCE/2017-18/98','NCE/2017-18/','2763039355V'),(99,'NCE/2017-18/99','NCE/2017-18/','2763039355V'),(100,'NCE/2017-18/100','NCE/2017-18/','2763039355V'),(101,'NCE/2017-18/101','NCE/2017-18/','2763039355V'),(102,'NCE/2017-18/102','NCE/2017-18/','2763039355V'),(103,'NCE/2017-18/103','NCE/2017-18/','2763039355V'),(104,'NCE/2017-18/104','NCE/2017-18/','2763039355V'),(105,'NCE/2017-18/105','NCE/2017-18/','2763039355V'),(106,'NCE/2017-18/106','NCE/2017-18/','2763039355V'),(107,'NCE/2017-18/107','NCE/2017-18/','2763039355V'),(108,'NCE/2017-18/108','NCE/2017-18/','2763039355V'),(109,'NCE/2017-18/109','NCE/2017-18/','2763039355V'),(110,'NCE/2017-18/110','NCE/2017-18/','2763039355V'),(111,'NCE/2017-18/111','NCE/2017-18/','2763039355V'),(112,'NCE/2017-18/112','NCE/2017-18/','2763039355V'),(113,'NCE/2017-18/113','NCE/2017-18/','2763039355V'),(114,'NCE/2017-18/114','NCE/2017-18/','2763039355V'),(115,'NCE/2017-18/115','NCE/2017-18/','2763039355V'),(116,'NCE/2017-18/116','NCE/2017-18/','2763039355V'),(117,'NCE/2017-18/117','NCE/2017-18/','2763039355V'),(118,'NCE/2017-18/118','NCE/2017-18/','2763039355V'),(119,'NCE/2017-18/119','NCE/2017-18/','2763039355V'),(120,'NCE/2017-18/120','NCE/2017-18/','2763039355V'),(121,'NCE/2017-18/121','NCE/2017-18/','2763039355V'),(122,'NCE/2017-18/122','NCE/2017-18/','2763039355V'),(123,'NCE/2017-18/123','NCE/2017-18/','2763039355V'),(124,'NCE/2017-18/124','NCE/2017-18/','2763039355V'),(125,'NCE/2017-18/125','NCE/2017-18/','2763039355V'),(126,'NCE/2017-18/126','NCE/2017-18/','2763039355V'),(127,'NCE/2017-18/127','NCE/2017-18/','2763039355V'),(128,'NCE/2017-18/128','NCE/2017-18/','2763039355V'),(129,'NCE/2017-18/129','NCE/2017-18/','2763039355V'),(130,'NCE/2017-18/130','NCE/2017-18/','2763039355V'),(131,'NCE/2017-18/131','NCE/2017-18/','2763039355V'),(132,'NCE/2017-18/132','NCE/2017-18/','2763039355V'),(133,'NCE/2017-18/133','NCE/2017-18/','2763039355V'),(134,'NCE/2017-18/134','NCE/2017-18/','2763039355V'),(135,'NCE/2017-18/135','NCE/2017-18/','2763039355V'),(136,'NCE/2017-18/136','NCE/2017-18/','2763039355V'),(137,'NCE/2017-18/137','NCE/2017-18/','2763039355V'),(138,'NCE/2017-18/138','NCE/2017-18/','2763039355V'),(139,'NCE/2017-18/139','NCE/2017-18/','2763039355V'),(140,'NCE/2017-18/140','NCE/2017-18/','2763039355V'),(141,'NCE/2017-18/141','NCE/2017-18/','2763039355V'),(142,'NCE/2017-18/142','NCE/2017-18/','2763039355V'),(143,'NCE/2017-18/143','NCE/2017-18/','2763039355V'),(144,'NCE/2017-18/144','NCE/2017-18/','2763039355V'),(145,'NCE/2017-18/145','NCE/2017-18/','2763039355V'),(146,'NCE/2017-18/146','NCE/2017-18/','2763039355V'),(147,'NCE/2017-18/147','NCE/2017-18/','2763039355V'),(148,'NCE/2017-18/148','NCE/2017-18/','2763039355V'),(149,'NCE/2017-18/149','NCE/2017-18/','2763039355V'),(150,'NCE/2017-18/150','NCE/2017-18/','2763039355V'),(151,'NCE/2017-18/151','NCE/2017-18/','2763039355V'),(152,'NCE/2017-18/152','NCE/2017-18/','2763039355V'),(153,'NCE/2017-18/153','NCE/2017-18/','2763039355V'),(154,'NCE/2017-18/154','NCE/2017-18/','2763039355V'),(155,'NCE/2017-18/155','NCE/2017-18/','2763039355V'),(156,'NCE/2017-18/156','NCE/2017-18/','2763039355V'),(157,'NCE/2017-18/157','NCE/2017-18/','2763039355V'),(158,'NCE/2017-18/158','NCE/2017-18/','2763039355V'),(159,'NCE/2017-18/159','NCE/2017-18/','2763039355V'),(160,'NCE/2017-18/160','NCE/2017-18/','2763039355V'),(161,'NCE/2017-18/161','NCE/2017-18/','2763039355V'),(162,'NCE/2017-18/162','NCE/2017-18/','2763039355V'),(163,'NCE/2017-18/163','NCE/2017-18/','2763039355V'),(164,'NCE/2017-18/164','NCE/2017-18/','2763039355V'),(165,'NCE/2017-18/165','NCE/2017-18/','2763039355V'),(166,'NCE/2017-18/166','NCE/2017-18/','2763039355V'),(167,'NCE/2017-18/167','NCE/2017-18/','2763039355V'),(168,'NCE/2017-18/168','NCE/2017-18/','2763039355V');

/*Table structure for table `sales_invoice_table` */

DROP TABLE IF EXISTS `sales_invoice_table`;

CREATE TABLE `sales_invoice_table` (
  `id` int(30) NOT NULL AUTO_INCREMENT,
  `actualInvoiceId` varchar(60) DEFAULT NULL,
  `defaultValue` varchar(60) DEFAULT 'CE/2017-18/',
  `vat_tin_number` varchar(60) DEFAULT '2763039355V',
  PRIMARY KEY (`id`),
  UNIQUE KEY `actualInvoiceId` (`actualInvoiceId`)
) ENGINE=InnoDB AUTO_INCREMENT=51 DEFAULT CHARSET=utf8;

/*Data for the table `sales_invoice_table` */

insert  into `sales_invoice_table`(`id`,`actualInvoiceId`,`defaultValue`,`vat_tin_number`) values (1,'1','CE/2017-18/','27AAJPN5433F1ZO'),(2,'CE/2017-18/2','CE/2017-18/','2763039355V'),(3,'CE/2017-18/3','CE/2017-18/','2763039355V'),(4,'CE/2017-18/4','CE/2017-18/','2763039355V'),(5,'CE/2017-18/5','CE/2017-18/','2763039355V'),(6,'CE/2017-18/6','CE/2017-18/','2763039355V'),(7,'CE/2017-18/7','CE/2017-18/','2763039355V'),(8,'CE/2017-18/8','CE/2017-18/','2763039355V'),(9,'CE/2017-18/9','CE/2017-18/','2763039355V'),(10,'CE/2017-18/10','CE/2017-18/','2763039355V'),(11,'CE/2017-18/11','CE/2017-18/','2763039355V'),(12,'CE/2017-18/12','CE/2017-18/','2763039355V'),(13,'CE/2017-18/13','CE/2017-18/','2763039355V'),(14,'CE/2017-18/14','CE/2017-18/','2763039355V'),(15,'CE/2017-18/15','CE/2017-18/','2763039355V'),(16,'CE/2017-18/16','CE/2017-18/','2763039355V'),(17,'CE/2017-18/17','CE/2017-18/','2763039355V'),(18,'CE/2017-18/18','CE/2017-18/','2763039355V'),(19,'CE/2017-18/19','CE/2017-18/','2763039355V'),(20,'CE/2017-18/20','CE/2017-18/','2763039355V'),(21,'CE/2017-18/21','CE/2017-18/','2763039355V'),(22,'CE/2017-18/22','CE/2017-18/','2763039355V'),(23,'CE/2017-18/23','CE/2017-18/','2763039355V'),(24,'CE/2017-18/24','CE/2017-18/','2763039355V'),(25,'CE/2017-18/25','CE/2017-18/','2763039355V'),(26,'CE/2017-18/26','CE/2017-18/','2763039355V'),(27,'CE/2017-18/27','CE/2017-18/','2763039355V'),(28,'CE/2017-18/28','CE/2017-18/','2763039355V'),(29,'CE/2017-18/29','CE/2017-18/','2763039355V'),(30,'CE/2017-18/30','CE/2017-18/','2763039355V'),(31,'CE/2017-18/31','CE/2017-18/','2763039355V'),(32,'CE/2017-18/32','CE/2017-18/','2763039355V'),(33,'CE/2017-18/33','CE/2017-18/','2763039355V'),(34,'CE/2017-18/34','CE/2017-18/','2763039355V'),(35,'CE/2017-18/35','CE/2017-18/','2763039355V'),(36,'CE/2017-18/36','CE/2017-18/','2763039355V'),(37,'CE/2017-18/37','CE/2017-18/','2763039355V'),(38,'CE/2017-18/38','CE/2017-18/','2763039355V'),(39,'CE/2017-18/39','CE/2017-18/','2763039355V'),(40,'CE/2017-18/40','CE/2017-18/','2763039355V'),(41,'CE/2017-18/41','CE/2017-18/','2763039355V'),(42,'CE/2017-18/42','CE/2017-18/','2763039355V'),(43,'CE/2017-18/43','CE/2017-18/','2763039355V'),(44,'CE/2017-18/44','CE/2017-18/','2763039355V'),(45,'CE/2017-18/45','CE/2017-18/','2763039355V'),(46,'CE/2017-18/46','CE/2017-18/','2763039355V'),(47,'CE/2017-18/47','CE/2017-18/','2763039355V'),(48,'CE/2017-18/48','CE/2017-18/','2763039355V'),(49,'CE/2017-18/49','CE/2017-18/','2763039355V'),(50,'CE/2017-18/50','CE/2017-18/','2763039355V');

/*Table structure for table `sales_order_table` */

DROP TABLE IF EXISTS `sales_order_table`;

CREATE TABLE `sales_order_table` (
  `sale_id` int(30) NOT NULL AUTO_INCREMENT,
  `invoice_id` varchar(60) NOT NULL,
  `customer_id` varchar(60) NOT NULL,
  `product_id` varchar(60) NOT NULL,
  `product_unit_price` float(10,2) NOT NULL,
  `product_qty` float(10,2) NOT NULL,
  `product_price_with_qty` float(10,2) NOT NULL,
  `tax_type` varchar(60) DEFAULT NULL,
  `tax_rate` varchar(60) DEFAULT NULL,
  `order_date` timestamp NOT NULL DEFAULT CURRENT_TIMESTAMP,
  `tax_amount` float(10,2) DEFAULT NULL,
  `total_amount` float(10,2) NOT NULL,
  `tax_value` float(10,2) DEFAULT NULL,
  PRIMARY KEY (`sale_id`)
) ENGINE=InnoDB AUTO_INCREMENT=35 DEFAULT CHARSET=utf8;

/*Data for the table `sales_order_table` */

insert  into `sales_order_table`(`sale_id`,`invoice_id`,`customer_id`,`product_id`,`product_unit_price`,`product_qty`,`product_price_with_qty`,`tax_type`,`tax_rate`,`order_date`,`tax_amount`,`total_amount`,`tax_value`) values (1,'1','3','1',1900.00,1.00,1643.00,'VAT-1','13.5','2017-06-26 20:34:32',256.00,1900.00,13.00),(2,'1','3','2',90000.00,4.00,340200.00,'VAT-2','5.5','2017-06-26 20:34:32',19800.00,360000.00,5.00),(3,'CE/2017-18/5','19','3',2500.00,5.00,12500.00,'NONE','0','2017-09-18 20:30:02',0.00,12500.00,0.00),(4,'CE/2017-18/6','10','4',12000.00,1.00,12000.00,'0','0','2017-09-24 14:41:09',0.00,12000.00,0.00),(5,'CE/2017-18/8','10','3',2500.00,2.00,5000.00,'NONE','0','2017-09-24 15:00:13',0.00,5000.00,0.00),(6,'CE/2017-18/9','20','5',100750.00,1.00,100750.00,'0','0','2017-09-25 12:49:11',0.00,100750.00,0.00),(7,'CE/2017-18/10','25','3',27000.00,1.00,27000.00,'NONE','0','2017-10-08 16:05:16',0.00,27000.00,0.00),(8,'CE/2017-18/10','25','6',500.00,1.00,500.00,'0','0','2017-10-08 16:05:16',0.00,500.00,0.00),(9,'CE/2017-18/11','26','3',27500.00,1.00,27500.00,'NONE','0','2017-10-08 16:25:34',0.00,27500.00,0.00),(10,'CE/2017-18/12','43','3',35000.00,1.00,35000.00,'NONE','0','2017-10-23 12:47:44',0.00,35000.00,0.00),(11,'CE/2017-18/12','43','6',1.00,1.00,1.00,'0','0','2017-10-23 12:47:44',0.00,1.00,0.00),(12,'CE/2017-18/12','43','6',1.00,1.00,1.00,'0','0','2017-10-23 12:47:44',0.00,1.00,0.00),(13,'CE/2017-18/13','47','7',22000.00,1.00,22000.00,'0','0','2017-10-24 18:33:06',0.00,22000.00,0.00),(14,'CE/2017-18/14','42','8',2250.00,1.00,2250.00,'0','0','2017-10-25 20:27:56',0.00,2250.00,0.00),(15,'CE/2017-18/14','42','9',2500.00,1.00,2500.00,'0','0','2017-10-25 20:27:56',0.00,2500.00,0.00),(16,'CE/2017-18/15','67','10',28975.00,1.00,28975.00,'0','0','2017-11-04 17:35:27',0.00,28975.00,0.00),(17,'CE/2017-18/27','85','7',16110.00,1.00,16110.00,'0','0','2017-11-10 17:02:09',0.00,16110.00,0.00),(18,'CE/2017-18/28','95','11',2400.00,1.00,2400.00,'0','0','2017-11-17 15:25:00',0.00,2400.00,0.00),(19,'CE/2017-18/29','104','12',8000.00,1.00,8000.00,'0','0','2017-11-28 20:21:25',0.00,8000.00,0.00),(20,'CE/2017-18/30','68','13',125.00,8.00,1000.00,'0','0','2017-12-02 17:35:32',0.00,1000.00,0.00),(21,'CE/2017-18/30','68','14',800.00,1.00,800.00,'0','0','2017-12-02 17:35:32',0.00,800.00,0.00),(22,'CE/2017-18/31','120','15',2000.00,1.00,2000.00,'0','0','2017-12-12 14:20:29',0.00,2000.00,0.00),(23,'CE/2017-18/32','121','16',2000.00,1.00,2000.00,'0','0','2017-12-12 14:20:29',0.00,2000.00,0.00),(24,'CE/2017-18/33','122','17',2000.00,1.00,2000.00,'0','0','2017-12-12 14:20:29',0.00,2000.00,0.00),(25,'CE/2017-18/34','123','18',2000.00,1.00,2000.00,'0','0','2017-12-12 14:20:29',0.00,2000.00,0.00),(26,'CE/2017-18/35','124','19',2000.00,1.00,2000.00,'0','0','2017-12-12 14:20:29',0.00,2000.00,0.00),(27,'CE/2017-18/36','125','20',2000.00,1.00,2000.00,'0','0','2017-12-12 14:20:29',0.00,2000.00,0.00),(28,'CE/2017-18/37','126','21',2000.00,1.00,2000.00,'0','0','2017-12-12 14:20:29',0.00,2000.00,0.00),(29,'CE/2017-18/38','127','22',2000.00,1.00,2000.00,'0','0','2017-12-12 14:20:29',0.00,2000.00,0.00),(30,'CE/2017-18/39','128','23',2000.00,1.00,2000.00,'0','0','2017-12-12 14:20:29',0.00,2000.00,0.00),(31,'CE/2017-18/41','130','15',2000.00,1.00,2000.00,'0','0','2017-12-12 14:20:29',0.00,2000.00,0.00),(32,'CE/2017-18/41','130','24',850.00,1.00,850.00,'0','0','2017-12-12 14:20:29',0.00,850.00,0.00),(33,'CE/2017-18/48','138','25',91000.00,1.00,91000.00,'0','0','2017-12-19 18:12:30',0.00,91000.00,0.00),(34,'CE/2017-18/50','107','26',5000.00,1.00,5000.00,'0','0','2017-12-22 20:02:39',0.00,5000.00,0.00);

/*Table structure for table `service_customer_table` */

DROP TABLE IF EXISTS `service_customer_table`;

CREATE TABLE `service_customer_table` (
  `id` int(11) NOT NULL AUTO_INCREMENT,
  `name` varchar(20) DEFAULT NULL,
  `address` varchar(50) DEFAULT NULL,
  `phone` varchar(20) DEFAULT NULL,
  PRIMARY KEY (`id`)
) ENGINE=InnoDB DEFAULT CHARSET=utf8;

/*Data for the table `service_customer_table` */

/*Table structure for table `service_info_table` */

DROP TABLE IF EXISTS `service_info_table`;

CREATE TABLE `service_info_table` (
  `id` int(30) NOT NULL AUTO_INCREMENT,
  `customerId` int(11) NOT NULL,
  `productName` varchar(60) DEFAULT NULL,
  `productModel` varchar(60) DEFAULT NULL,
  `productSN` varchar(60) DEFAULT NULL,
  `userId` int(11) NOT NULL,
  `accessoryList` varchar(255) DEFAULT NULL,
  `problemList` varchar(255) DEFAULT NULL,
  `isCourier` tinyint(1) DEFAULT '0',
  `courierName` varchar(30) DEFAULT NULL,
  `courierPhone` varchar(30) DEFAULT NULL,
  `techComment` varchar(120) DEFAULT NULL,
  `shopUserComment` varchar(120) DEFAULT NULL,
  `customerComment` varchar(120) DEFAULT NULL,
  `serviceStatus` varchar(20) DEFAULT NULL,
  `courierDocumentNo` varchar(30) DEFAULT NULL,
  `service_order_date` timestamp NOT NULL DEFAULT CURRENT_TIMESTAMP,
  `service_completion_date` timestamp NOT NULL DEFAULT CURRENT_TIMESTAMP,
  `tentative_service_completion_date` timestamp NOT NULL DEFAULT CURRENT_TIMESTAMP,
  `tentative_quoted_cost` varchar(40) DEFAULT '0',
  `actual_service_cost` varchar(40) DEFAULT NULL,
  `service_order_number` varchar(50) NOT NULL,
  `taxName` varchar(40) DEFAULT NULL,
  `taxRate` varchar(40) DEFAULT NULL,
  `taxValue` varchar(40) DEFAULT NULL,
  `vatTinNumber` varchar(60) DEFAULT NULL,
  `advancedPayment` varchar(40) DEFAULT NULL,
  `finalPayment` varchar(40) DEFAULT NULL,
  `finalDeleted` varchar(255) DEFAULT NULL,
  `technician_handle_status` varchar(80) DEFAULT 'NA',
  `technician_handle_comment` varchar(255) DEFAULT NULL,
  `customer_approval_status` varchar(80) DEFAULT 'NA',
  `customer_approval_comment` varchar(255) DEFAULT NULL,
  `part_pending_status` varchar(80) DEFAULT 'NA',
  `part_pending_comment` varchar(255) DEFAULT NULL,
  `technician_handle_time` timestamp NOT NULL DEFAULT CURRENT_TIMESTAMP,
  `customer_approval_time` timestamp NOT NULL DEFAULT CURRENT_TIMESTAMP,
  `part_pending_time` timestamp NOT NULL DEFAULT CURRENT_TIMESTAMP,
  `completed_time` timestamp NOT NULL DEFAULT CURRENT_TIMESTAMP,
  `tech_completed_comment` varchar(255) DEFAULT NULL,
  `isOutwardCourier` tinyint(1) DEFAULT '0',
  `outwardCourierName` varchar(55) DEFAULT NULL,
  `outwardCourierPhone` varchar(30) DEFAULT NULL,
  `outwardCourierDocumentNo` varchar(55) DEFAULT NULL,
  PRIMARY KEY (`id`),
  KEY `customerId` (`customerId`),
  KEY `userId` (`userId`),
  CONSTRAINT `service_info_table_ibfk_1` FOREIGN KEY (`customerId`) REFERENCES `emp_customer_table` (`id`),
  CONSTRAINT `service_info_table_ibfk_2` FOREIGN KEY (`userId`) REFERENCES `validemporiumuser` (`empId`)
) ENGINE=InnoDB AUTO_INCREMENT=158 DEFAULT CHARSET=utf8;

/*Data for the table `service_info_table` */

insert  into `service_info_table`(`id`,`customerId`,`productName`,`productModel`,`productSN`,`userId`,`accessoryList`,`problemList`,`isCourier`,`courierName`,`courierPhone`,`techComment`,`shopUserComment`,`customerComment`,`serviceStatus`,`courierDocumentNo`,`service_order_date`,`service_completion_date`,`tentative_service_completion_date`,`tentative_quoted_cost`,`actual_service_cost`,`service_order_number`,`taxName`,`taxRate`,`taxValue`,`vatTinNumber`,`advancedPayment`,`finalPayment`,`finalDeleted`,`technician_handle_status`,`technician_handle_comment`,`customer_approval_status`,`customer_approval_comment`,`part_pending_status`,`part_pending_comment`,`technician_handle_time`,`customer_approval_time`,`part_pending_time`,`completed_time`,`tech_completed_comment`,`isOutwardCourier`,`outwardCourierName`,`outwardCourierPhone`,`outwardCourierDocumentNo`) values (9,6,'CANONEXP','S700','NA',1,'USB Cable,Charger','Scratches on Focusing Screen,Salt Water Damage',0,'','',NULL,'this is remark text','This is complaint text','C','','2017-07-07 19:04:52','2017-07-07 19:06:03','2017-07-07 19:04:52','0',NULL,'NCE/2017-18/20',NULL,NULL,NULL,'2763039355V','100200','8899800',NULL,'NA',NULL,'NA',NULL,'NA',NULL,'2017-07-07 19:06:03','2017-07-07 19:06:03','2017-07-07 19:06:03','2017-07-07 19:06:03',NULL,0,'','',''),(10,7,'NIKONBRANDNAME','NIKONMODELNO','SNNA',1,'','',1,'Palande Courier','898989898989',NULL,'Remark Only','Complaints only','DTC','TAB21313123','2017-07-07 19:54:23','2017-07-07 19:56:59','2017-07-07 19:54:23','0',NULL,'NCE/2017-18/21',NULL,NULL,NULL,'2763039355V','1000','7900',NULL,'NA',NULL,'NA',NULL,'NA',NULL,'2017-07-07 19:56:59','2017-07-07 19:56:59','2017-07-07 19:56:59','2017-07-07 19:56:59',NULL,0,'','',''),(11,8,'KODAK','M-532','11253499',1,'nil','Scratch on Body',0,'','',NULL,'lens stuck','zoom lens not working / servicing','NS','','2017-07-08 10:54:17','2017-07-08 10:59:25','2017-07-08 10:54:17','0',NULL,'NCE/2017-18/22',NULL,NULL,NULL,'2763039355V','0',NULL,NULL,'NA',NULL,'NA',NULL,'NA',NULL,'2017-07-08 10:59:25','2017-07-08 10:59:25','2017-07-08 10:59:25','2017-07-08 10:59:25',NULL,0,NULL,NULL,NULL),(12,9,'NIKON','D-7200','7309004',1,'Battery','Dust In View Finder',0,'','',' ','nikon battery EN-EL 5','ccd cleaning','DTC','','2017-07-08 11:01:06','2017-07-08 11:08:49','2017-07-08 11:01:06','0',NULL,'NCE/2017-18/23',NULL,NULL,NULL,'2763039355V','1000','1000',NULL,'NA',NULL,'NA',NULL,'NA',NULL,'2017-07-08 11:08:49','2017-07-08 12:14:51','2017-07-08 11:08:49','2017-07-08 11:08:49',NULL,0,'','',''),(13,10,'SONY','DSC 500','123456',1,'AC Cord','Salt Water Damage',0,'','',NULL,'remark','nature','NS','','2017-07-08 11:27:03','2017-07-08 11:30:31','2017-07-08 11:27:03','0',NULL,'NCE/2017-18/24',NULL,NULL,NULL,'2763039355V','2000',NULL,NULL,'NA',NULL,'NA',NULL,'NA',NULL,'2017-07-08 11:30:31','2017-07-08 11:30:31','2017-07-08 11:30:31','2017-07-08 11:30:31',NULL,0,NULL,NULL,NULL),(14,10,'CANON','D1300','1254879',1,'Filter UV','Dust In View Finder',0,'','',NULL,'remark','complaints','NS','','2017-07-08 12:37:20','2017-07-08 12:45:50','2017-07-08 12:37:20','0',NULL,'NCE/2017-18/25',NULL,NULL,NULL,'2763039355V','500',NULL,NULL,'NA',NULL,'NA',NULL,'NA',NULL,'2017-07-08 12:45:50','2017-07-08 12:45:50','2017-07-08 12:45:50','2017-07-08 12:45:50',NULL,0,NULL,NULL,NULL),(15,11,'DIGITEK','DFL 400T','1254897',1,'Lens Cap front','Scratch on Body',1,'maruti','020-25451046',' ','body break','nature','DTC','123456789','2017-07-08 12:47:12','2017-07-08 12:49:45','2017-07-08 12:47:12','0',NULL,'NCE/2017-18/26',NULL,NULL,NULL,'2763039355V','0','750',NULL,'NA',NULL,'NA',NULL,'NA',NULL,'2017-07-08 12:49:45','2017-07-08 12:52:36','2017-07-08 12:49:45','2017-07-08 12:49:45',NULL,1,'tirupati','020-2547896','32698547456'),(16,12,'CANON PSA','ELPH 170','92061029508',1,'Charger','Salt Water Damage',0,'','',NULL,'CANON CHARGER CB-2LF ONLY','FOCUSING & ZOOM PROBLAM','NS','','2017-07-17 12:11:34','2017-07-17 12:15:20','2017-07-17 12:11:34','0',NULL,'NCE/2017-18/27',NULL,NULL,NULL,'2763039355V','0',NULL,NULL,'NA',NULL,'NA',NULL,'NA',NULL,'2017-07-17 12:15:20','2017-07-17 12:15:20','2017-07-17 12:15:20','2017-07-17 12:15:20',NULL,0,NULL,NULL,NULL),(17,13,'CANON PS','SX 30IS','27805400162',1,'Charger,Battery','',0,'','',NULL,'CANON BATTERY NB-7L\nCANON CHARGER CB-2LZE','','NS','','2017-07-17 12:18:18','2017-07-17 12:24:16','2017-07-17 12:18:18','0',NULL,'NCE/2017-18/28',NULL,NULL,NULL,'2763039355V','0',NULL,NULL,'NA',NULL,'NA',NULL,'NA',NULL,'2017-07-17 12:24:16','2017-07-17 12:24:16','2017-07-17 12:24:16','2017-07-17 12:24:16',NULL,0,NULL,NULL,NULL),(18,14,'CANON LENS','24-105MM','5446247',1,'Lens Cap front,Filter UV','Scratch on Body',0,'','',' I CHECKED,  YELLOW COLOUR DUST INSIDE\n FPC MAY BE  REQUIRED TO REPLACE ','lens cleaning & servicing','some times shows error','DTC','','2017-07-22 16:33:22','2017-07-22 16:38:25','2017-07-22 16:33:22','0',NULL,'NCE/2017-18/29',NULL,NULL,NULL,'2763039355V','nil','0',NULL,'NA','  I CHECKED,  YELLOW COLOUR DUST INSIDE\n FPC MAY BE  REQUIRED TO REPLACE \nCUSTOMER APPROV  ON DT:-21/7/17','NA',' TOTAL OK   I CHECKED\n','NA',NULL,'2017-07-22 16:55:58','2017-07-22 16:58:36','2017-07-22 16:38:25','2017-07-22 16:38:25',NULL,0,'','',''),(19,15,'CANON EOS','1200D','108073085237',1,'CANON BATTERY LP-E10,Battery,Lens Cap front,CAP 58 MM','Dust In View Finder',0,'','',' FUNGUS ON CCD & LENS NEEDS CLEANING\nPLEASE GET APPROVEL','58MM FILTER REQUIRMENT','SERVICING & LENS &,CCD CLEANING','DTC','','2017-07-24 15:29:09','2017-07-24 15:47:42','2017-07-24 15:29:09','0',NULL,'NCE/2017-18/30',NULL,NULL,NULL,'2763039355V','100','1400',NULL,'NA','CUSTOMER READY  & JOB DONE','NA','  FUNGUS ON CCD & LENS NEEDS CLEANING\nPLEASE GET APPROVEL','NA',NULL,'2017-07-24 16:40:20','2017-07-24 16:36:12','2017-07-24 15:47:42','2017-07-24 15:47:42',NULL,0,'','',''),(20,15,'CANON EOS','1200D','108025469786',1,'Lens Cap front','Scratch on Body',0,'','',NULL,'','','NS','','2017-07-24 16:03:50','2017-07-24 16:07:29','2017-07-24 16:03:50','0',NULL,'NCE/2017-18/31',NULL,NULL,NULL,'2763039355V','200',NULL,NULL,'NA',NULL,'NA',NULL,'NA',NULL,'2017-07-24 16:07:29','2017-07-24 16:07:29','2017-07-24 16:07:29','2017-07-24 16:07:29',NULL,0,NULL,NULL,NULL),(21,16,'NIKON','D 5100','123456',1,'Battery','Scratch on Body',0,'','',NULL,'SCRATCHES  ON LENS','PICTURE NOT CLEAR','NS','','2017-08-10 17:57:19','2017-08-10 18:02:01','2017-08-10 17:57:19','0',NULL,'NCE/2017-18/32',NULL,NULL,NULL,'2763039355V','5000',NULL,NULL,'NA',NULL,'NA',NULL,'NA',NULL,'2017-08-10 18:02:01','2017-08-10 18:02:01','2017-08-10 18:02:01','2017-08-10 18:02:01',NULL,0,NULL,NULL,NULL),(22,17,'OLYMPUS','VG-110','ujdo11520',1,'Battery','',0,'','',' ','olympus battery LI-70B only','while taking picture black spot see on the picture\nservicing','DTC','','2017-09-04 17:48:10','2017-09-04 18:19:54','2017-09-04 17:48:10','0',NULL,'NCE/2017-18/33',NULL,NULL,NULL,'2763039355V','1000','1400',NULL,'NA',NULL,'NA',NULL,'NA',NULL,'2017-09-04 18:19:54','2017-09-29 19:12:15','2017-09-04 18:19:54','2017-09-04 18:19:54',NULL,0,'','',''),(23,18,'CANON','EOS-70D','052022015383',1,'Body Cap,Battery','',0,'','',NULL,'DIGITEK BATTERY LP-E6,\nBODY KEPT FOR CHECKING.','SERVICING','NS','','2017-09-18 20:18:19','2017-09-18 20:24:50','2017-09-18 20:18:19','0',NULL,'NCE/2017-18/34',NULL,NULL,NULL,'2763039355V','NIL',NULL,NULL,'NA',NULL,'NA',NULL,'NA',NULL,'2017-09-18 20:24:50','2017-09-18 20:24:50','2017-09-18 20:24:50','2017-09-18 20:24:50',NULL,0,NULL,NULL,NULL),(24,21,'NIKON','D 90','8447344',1,'Filter UV,Battery,NIKON EN EL3E,SONIA 67MM FILTER','Scratch on Body',0,'','',NULL,'','TOP DISPLAY IS SHOWING SHUTTER ERROR,SERVICING','NS','','2017-09-25 14:25:34','2017-09-25 14:32:06','2017-09-25 14:25:34','0',NULL,'NCE/2017-18/35',NULL,NULL,NULL,'2763039355V','0',NULL,NULL,'NA',NULL,'NA',NULL,'NA',NULL,'2017-09-25 14:32:06','2017-09-25 14:32:06','2017-09-25 14:32:06','2017-09-25 14:32:06',NULL,0,NULL,NULL,NULL),(25,22,'NIKON','D 3000','8174618',1,'Battery,nikon EN EL9,BELT','Scratch on Body',0,'','',' CCD CLEANED & SERVICING DONE','CCD CLEANING,SERVICING','BLACK SPOT ON PHOTOS','DTC','','2017-09-27 11:17:07','2017-09-27 11:26:21','2017-09-27 11:17:07','0',NULL,'NCE/2017-18/36',NULL,NULL,NULL,'2763039355V','500','500',NULL,'NA','  CCD CLEANED & SERVICING DONE\nJOB DONE','NA',NULL,'NA',NULL,'2017-09-27 11:34:39','2017-09-27 11:33:51','2017-09-27 11:26:21','2017-09-27 11:26:21',NULL,0,'','',''),(26,23,'DIGISPOT','DV 6','5089244',1,'Charger,Li-on BATTERY','Scratch on Body',1,'PALANDE','020-25451046',NULL,'BATTERY HOLDER BREAK','WITH BATTERY CONNECTION CAMERA NOT OPERATE','NS','215487965544446','2017-09-28 14:47:54','2017-09-28 14:58:22','2017-09-28 14:47:54','0',NULL,'NCE/2017-18/37',NULL,NULL,NULL,'2763039355V','2000',NULL,NULL,'NA',NULL,'NA',NULL,'NA',NULL,'2017-09-28 14:58:22','2017-09-28 14:58:22','2017-09-28 14:58:22','2017-09-28 14:58:22',NULL,0,NULL,NULL,NULL),(27,18,'SIGMA LENS','150-500MM','14828917',1,'Lens Cap Back,Lens Cap front','',0,'','',NULL,'','BACK FOCUS PROBLEM,CLEANING','NS','','2017-09-29 18:03:18','2017-09-29 18:22:07','2017-09-29 18:03:18','0',NULL,'NCE/2017-18/38',NULL,NULL,NULL,'2763039355V','0',NULL,NULL,'NA',NULL,'NA',NULL,'NA',NULL,'2017-09-29 18:22:07','2017-09-29 18:22:07','2017-09-29 18:22:07','2017-09-29 18:22:07',NULL,0,NULL,NULL,NULL),(28,24,'SONY','ALFA 6000','4482160',1,'Battery,Lens Cap front,SONY NP-FW 50','Scratch on Body',0,'','',' camera take back customer ','MOISTURE ARE THERE','PICTURE NOT SEEN ON DISPLAY/ SERVICING','C','','2017-10-02 12:02:54','2017-10-02 12:19:48','2017-10-02 12:02:54','0',NULL,'NCE/2017-18/39',NULL,NULL,NULL,'2763039355V','0',NULL,NULL,'NA',NULL,'NA',NULL,'NA',NULL,'2017-10-02 12:19:48','2017-11-24 11:03:59','2017-10-02 12:19:48','2017-10-02 12:19:48',NULL,0,NULL,NULL,NULL),(29,27,'FUJI','FINEPIX S-8000','7US44356',1,'NO ACCESORIES','MODE BUTTON MISSING',0,'','',NULL,'','INNER SHUTTER NOT WORKING,SERVICING,LENS CLEANING/\n AFTER TAKING PHOTOS DISPLAY SHOWING LINES ON PHOTO','NS','','2017-10-09 11:47:15','2017-10-09 12:00:06','2017-10-09 11:47:15','0',NULL,'NCE/2017-18/40',NULL,NULL,NULL,'2763039355V','250',NULL,NULL,'NA',NULL,'NA',NULL,'NA',NULL,'2017-10-09 12:00:06','2017-10-09 12:00:06','2017-10-09 12:00:06','2017-10-09 12:00:06',NULL,0,NULL,NULL,NULL),(30,28,'CANON CAMERA','EOS 30D BODY','0820509929',1,'CANON BATTERY BP-511','',0,'','','CAMERA NEED TO BE REPLACE SHUTTER BUTTON ASSY/\nCCD CLEANING/  Rs.2475/-','CAMERA BODY LEFT SIDE RUBBER FLAP BROKEN','SHUTTER BUTTON PROPERLY NOT WORKING,CCD CLEANING,SERVICING','C','','2017-10-09 14:42:44','2017-10-09 15:06:46','2017-10-09 14:42:44','0',NULL,'NCE/2017-18/41',NULL,NULL,NULL,'2763039355V','0',NULL,NULL,'NA',NULL,'NA','REPLACE SHUTTER BUTTON ASSY/SERVICING DONE\n','NA',NULL,'2017-10-09 15:06:46','2017-11-11 20:14:14','2017-10-09 15:06:46','2017-10-09 15:06:46',NULL,0,NULL,NULL,NULL),(31,28,'CANON LENS','18-55MM IS','5163024736',1,'Filter UV,Lens Cap front,HOYA 58mm','FUNGUS INSIDE',0,'','','NEED LENS CLEANING ONLY','','CLEANING & SERVICING','DTC','','2017-10-09 15:11:52','2017-10-09 15:20:08','2017-10-09 15:11:52','0',NULL,'NCE/2017-18/42',NULL,NULL,NULL,'2763039355V','0','1000',NULL,'NA',NULL,'NA',' LENS CLEANING DONE Rs.1500/-','NA',NULL,'2017-10-09 15:20:08','2017-11-29 16:58:46','2017-10-09 15:20:08','2017-10-09 15:20:08',NULL,0,'','',''),(32,28,'CANON LENS','55-250 MM IS','1012009475',1,'Lens Cap Back,Lens Cap front,HOYA FILTER 58mm','FUNGUS INSIDE',0,'','',' FUNGUS CLEANING DONE Rs.2500/-','','CLEANING , SERVICING','DTC','','2017-10-09 15:34:11','2017-10-09 15:36:56','2017-10-09 15:34:11','0',NULL,'NCE/2017-18/43',NULL,NULL,NULL,'2763039355V','0','2500',NULL,'NA',NULL,'NA','  FUNGUS CLEANING ONLY/    PHONED ON CUSTOMER Dt:-3/11/17','NA',NULL,'2017-10-09 15:36:56','2017-11-29 17:39:58','2017-10-09 15:36:56','2017-10-09 15:36:56',NULL,0,'','',''),(33,28,'CANON LENS','28-135 MM IS','18303360',1,'CANON FILTER 72mm,Lens Cap front,Lens Cap Back','FUNGUS INSIDE',0,'','',' NEED TO BE REPLACE APERTURE FLEX ASSY Rs.3575/-','','WHEN WE OPERATE LENS WITH CAMERA SHOWS ERROR 99 PROBLEM','DTC','','2017-10-09 15:39:01','2017-10-09 15:44:07','2017-10-09 15:39:01','0',NULL,'NCE/2017-18/44',NULL,NULL,NULL,'2763039355V','0','3575',NULL,'NA','  REPLACE APERTURE FLEX ASSY DONE/SERVICING / LENS CLEANING DONE','NA',NULL,'NA',NULL,'2017-11-29 17:35:41','2017-11-29 17:14:55','2017-10-09 15:44:07','2017-10-09 15:44:07',NULL,0,'','',''),(34,29,'DIGITEK','DFL-003','41M1S0812753',1,'NIL','Scratch on Body',0,'','',NULL,'TWO SCREWS ARE MISSING FROM HOT SHOE','BODY BREAK ( REPLACEMENT) ONLY','NS','','2017-10-09 15:49:00','2017-10-09 17:27:11','2017-10-09 15:49:00','0',NULL,'NCE/2017-18/45',NULL,NULL,NULL,'2763039355V','0',NULL,NULL,'NA',NULL,'NA',NULL,'NA',NULL,'2017-10-09 17:27:11','2017-10-09 17:27:11','2017-10-09 17:27:11','2017-10-09 17:27:11',NULL,0,NULL,NULL,NULL),(35,29,'DIGITEK','DFL-003','16M09S0501387',1,'NIL','Scratch on Body',0,'','',NULL,'BATTERY COVER BREAK, BATTERY HOLDER MELT/','UNIT DEAD','NS','','2017-10-09 17:28:31','2017-10-09 17:36:26','2017-10-09 17:28:31','0',NULL,'NCE/2017-18/46',NULL,NULL,NULL,'2763039355V','0',NULL,NULL,'NA',NULL,'NA',NULL,'NA',NULL,'2017-10-09 17:36:26','2017-10-09 17:36:26','2017-10-09 17:36:26','2017-10-09 17:36:26',NULL,0,NULL,NULL,NULL),(36,30,'CANON SLR','EOS 1200D','098073065491',1,'Memory Card,Battery,LEXER 8GB,LP E-10','Dust In View Finder,Scratches on Focusing Screen',0,'','',NULL,'','FOCUSING NOT CLEAR IN VIEWFINDER,CCD CLEANING','NS','','2017-10-10 21:02:42','2017-10-10 21:15:52','2017-10-10 21:02:42','0',NULL,'NCE/2017-18/47',NULL,NULL,NULL,'2763039355V','0',NULL,NULL,'NA',NULL,'NA',NULL,'NA',NULL,'2017-10-10 21:15:52','2017-10-10 21:15:52','2017-10-10 21:15:52','2017-10-10 21:15:52',NULL,0,NULL,NULL,NULL),(37,31,'CANON','EOS 1000D','NIL',1,'Battery,Filter UV,LP E5,SLICK 58M','Scratches on Focusing Screen,Dust In View Finder,Salt Water Damage',0,'','',' FLASH POP UP MAGNET CHANG/ CCD CLEANING DONE/SERVICING DONE','','IN BUILT FLASH POP UP PROBLEM,SERVICING/CCD CLEANING','DTC','','2017-10-12 11:15:43','2017-10-12 11:21:13','2017-10-12 11:15:43','0',NULL,'NCE/2017-18/48',NULL,NULL,NULL,'2763039355V','0','3225',NULL,'NA',NULL,'NA',NULL,'NA',NULL,'2017-10-12 11:21:13','2017-10-14 19:56:14','2017-10-12 11:21:13','2017-10-12 11:21:13',NULL,0,'','',''),(38,32,'CANON LENS','EFS 18-55MM','7160006814',1,'','',0,'','',' lens cleaning done','','LENS CLEANING ONLY','DTC','','2017-10-12 11:23:12','2017-10-12 11:26:30','2017-10-12 11:23:12','0',NULL,'NCE/2017-18/49',NULL,NULL,NULL,'2763039355V','0','1500',NULL,'NA',NULL,'NA',NULL,'NA',NULL,'2017-10-12 11:26:30','2017-10-14 19:50:51','2017-10-12 11:26:30','2017-10-12 11:26:30',NULL,0,'','',''),(39,33,'CANON LENS','EFS 18-200MM IS','0472501984',1,'Lens Cap Back,Lens Cap front','Fungus & Dust inside',0,'','','HELICOID  RING ASSY JAMMED / REPLACED /,SERVICING/ LENS CLEANING','NAME RING MISSING','ZOOM RING BLOCK,/ ZOOM NOT WORKING','DTC','','2017-10-16 13:45:44','2017-10-16 13:53:25','2017-10-16 13:45:44','0',NULL,'NCE/2017-18/50',NULL,NULL,NULL,'2763039355V','0','3875',NULL,'NA',' HELICOID  RING ASSY JAMMED / REPLACED /,SERVICING/ LENS CLEANING\nWORK DONE ','NA',NULL,'NA',NULL,'2017-10-16 14:00:32','2017-10-16 13:59:33','2017-10-16 13:53:25','2017-10-16 13:53:25',NULL,0,'','',''),(40,34,'SONY','DSC-HX 10V','8266125',1,'','Water Damage',0,'','',' DISPLAY & CONNECTOR REPLACE/.CLEANING','','DISPLAY NOT WORKING, PCB CLEANING,SERVICING','DTC','','2017-10-16 17:25:57','2017-10-16 17:30:09','2017-10-16 17:25:57','0',NULL,'NCE/2017-18/51',NULL,NULL,NULL,'2763039355V','0','2825',NULL,'NA','  DISPLAY & CONNECTOR REPLACE/.CLEANING','NA',NULL,'NA',NULL,'2017-10-18 12:56:52','2017-10-18 12:56:01','2017-10-16 17:30:09','2017-10-16 17:30:09',NULL,0,'','',''),(41,35,'SONY','DSC-HX 9V','2371131',1,'Battery,DIGITEK NP-BG 1','Salt Water Damage',0,'','',' DC TO DC BOARD NEEDS TO BE REPLACE Rs.2975+LABOUR 1000=3975/-','','BATTERY DRAIN PROBLEM,SERVICING,LENS CLEANING','DTC','','2017-10-16 17:32:52','2017-10-16 18:53:51','2017-10-16 17:32:52','0',NULL,'NCE/2017-18/52',NULL,NULL,NULL,'2763039355V','0','3975',NULL,'NA','LENS HELICOID ASSY REPLACE /WORK DONE/LENS CLEANING  DONE.','NA',NULL,'NA',NULL,'2017-12-13 16:50:02','2017-11-03 20:02:31','2017-10-16 18:53:51','2017-10-16 18:53:51',NULL,0,'','',''),(42,36,'CANON','POWER SHOT SX 600HS','898063000524',1,'Battery,CANON NB 6LH','MOISTURE PROBLAM',0,'','',' SERVICING & LENS CLEANING DONE','','CAMERA  SHOWS SOME SYMBOL & NOT WORKING','DTC','','2017-10-16 18:55:18','2017-10-16 19:01:38','2017-10-16 18:55:18','0',NULL,'NCE/2017-18/53',NULL,NULL,NULL,'2763039355V','0','1500',NULL,'NA',NULL,'NA',NULL,'NA',NULL,'2017-10-16 19:01:38','2017-11-11 16:09:31','2017-10-16 19:01:38','2017-10-16 19:01:38',NULL,0,'','',''),(43,37,'SONY','DSC HX 20 V','5353546',1,'NIL','Water Damage',0,'','',' FRONT FLAP ASSY REPLACE\nLCD ASSY REPLACE,BODY CLEANING','','MOISTURE ,FRONT FLAP NOT OPEN & CHECK UP ALL FUNCTION\nCCD CLEANING','DTC','','2017-10-16 19:06:42','2017-10-16 19:10:57','2017-10-16 19:06:42','0',NULL,'NCE/2017-18/54',NULL,NULL,NULL,'2763039355V','0','3425',NULL,'NA',NULL,'NA',NULL,'NA',NULL,'2017-10-16 19:10:57','2017-10-24 20:47:07','2017-10-16 19:10:57','2017-10-16 19:10:57',NULL,0,'','',''),(44,38,'SAMSUNG','ST 70','NA4620907343A',1,'SAMSUNG BATTERY BP-70A','',0,'','',' replace lcd assy','BLACK SPOT ON LCD','LCD REPLACEMENT ONLY','DTC','','2017-10-17 13:52:05','2017-10-17 13:58:49','2017-10-17 13:52:05','0',NULL,'NCE/2017-18/55',NULL,NULL,NULL,'2763039355V','1550','0',NULL,'NA',NULL,'NA',NULL,'NA',NULL,'2017-10-17 13:58:49','2017-10-24 14:40:39','2017-10-17 13:58:49','2017-10-17 13:58:49',NULL,0,'','',''),(45,39,'CANON','EOS 7D','nil',1,'canon battery LP -6','Scratches on Focusing Screen',0,'','','CF CARD HOLDER BASE CHANG & CLEANING','','CF CARD HOLDER PIN BEND,CLEANING','DTC','','2017-10-18 11:56:50','2017-10-18 12:04:02','2017-10-18 11:56:50','0',NULL,'NCE/2017-18/56',NULL,NULL,NULL,'2763039355V','0','2500',NULL,'NA',' CF CARD HOLDER BASE CHANG & CLEANING','NA',NULL,'NA',NULL,'2017-10-18 20:15:46','2017-10-18 20:15:26','2017-10-18 12:04:02','2017-10-18 12:04:02',NULL,0,'','',''),(46,40,'CANON','EOS 70 D','122026008952',1,'Body Cap,Watson battery','Dust In View Finder',0,'','',' CCD CLEANING / SERVICING DONE','','servicing','DTC','','2017-10-21 11:56:52','2017-10-21 12:02:51','2017-10-21 11:56:52','0',NULL,'NCE/2017-18/57',NULL,NULL,NULL,'2763039355V','0','1000',NULL,'NA',NULL,'NA',NULL,'NA',NULL,'2017-10-21 12:02:51','2017-11-02 19:00:21','2017-10-21 12:02:51','2017-10-21 12:02:51',NULL,0,'','',''),(47,41,'CANON','EF-100-400MM','658752',1,'Lens Cap Back,Lens Cap front','',0,'','','  LENS NEEDS TO BE SERVICING OF APERTURE  UNIT---\n--- OR REPLACE APERTURE FLEX ASSY  DONE','','when lens attached to camera,\n camera display shows F00\nlens cleaning,servicing','DTC','','2017-10-21 12:03:50','2017-10-21 12:07:35','2017-10-21 12:03:50','0',NULL,'NCE/2017-18/58',NULL,NULL,NULL,'2763039355V','0','4875',NULL,'NA','  LENS NEEDS TO BE SERVICING OF APERTURE  UNIT---\n--- OR REPLACE APERTURE FLEX ASSY \nCUSTOMER APPROVAL DONE Rs.4775/-','NA','  LENS NEEDS TO BE SERVICING OF APERTURE  UNIT---\n--- OR REPLACE APERTURE FLEX ASSY ','NA',NULL,'2017-10-26 16:50:06','2017-11-02 19:01:11','2017-10-21 12:07:35','2017-10-21 12:07:35',NULL,0,'','',''),(48,42,'CANON','EOS 1200D','048072092540',1,'canon battery LP-E10','Dust In View Finder',0,'','','  CCD CLEANING\n VIEWFINDER DUST CLEANING\n IN FRONT OF LCD GLASS & LCD IN BETWEEN DUST PARTICLES CLEANED\n  SERVICING ','dust in side display','servicing','DTC','','2017-10-21 13:26:14','2017-10-21 13:31:21','2017-10-21 13:26:14','0',NULL,'NCE/2017-18/59',NULL,NULL,NULL,'2763039355V','0','2000',NULL,'NA',NULL,'NA',NULL,'NA',NULL,'2017-10-21 13:31:21','2017-10-25 18:28:18','2017-10-21 13:31:21','2017-10-21 13:31:21',NULL,0,'','',''),(49,42,'CANON LENS','18-55MM IS','1766044483',1,'Lens Cap front,Filter UV,osaka 58mm','',0,'','',' LENS CLEANING DONE','fungus in side lens','','DTC','','2017-10-21 13:32:22','2017-10-21 13:36:12','2017-10-21 13:32:22','0',NULL,'NCE/2017-18/60',NULL,NULL,NULL,'2763039355V','0','1000',NULL,'NA',NULL,'NA',NULL,'NA',NULL,'2017-10-21 13:36:12','2017-10-25 18:13:22','2017-10-21 13:36:12','2017-10-21 13:36:12',NULL,0,'','',''),(50,42,'CANON LENS','EFS 55-250MM IS','1732012142',1,'Lens Cap Back,Lens Cap front','',0,'','',' LENS CLEANING DONE','Fungus in side the lens','','C','','2017-10-21 13:37:32','2017-10-21 13:39:50','2017-10-21 13:37:32','0',NULL,'NCE/2017-18/61',NULL,NULL,NULL,'2763039355V','0',NULL,NULL,'NA',NULL,'NA',NULL,'NA',NULL,'2017-10-21 13:39:50','2017-10-25 18:12:26','2017-10-21 13:39:50','2017-10-21 13:39:50',NULL,0,NULL,NULL,NULL),(51,44,'CANON FILM SLR','AE-1','192858',1,'Battery,GA COMPANY','Dust In View Finder',0,'','','CAMERA NEED TO CHECK SHUTTER SPEED CHECK/SERVICING,LENS CLEANING  Rs.2675/-','','SHUTTER SPEED CHECK/SERVICING,LENS CLEANING','DTC','','2017-10-24 12:07:02','2017-10-24 12:15:07','2017-10-24 12:07:02','0',NULL,'NCE/2017-18/62',NULL,NULL,NULL,'2763039355V','0','2675',NULL,'NA','CAMERA  CHECK / SHUTTER SPEED CHECK/SERVICING,LENS CLEANING DONE Rs.2675/-','NA',NULL,'NA',NULL,'2017-11-11 17:22:59','2017-11-11 17:20:07','2017-10-24 12:15:07','2017-10-24 12:15:07',NULL,0,'','',''),(52,44,'CANON FILM SLR','AE-1','3488914',1,'NIL','Dust In View Finder',0,'','',NULL,'','SHUTTER SPEED NOT WORKING\nLENS CLEANING\nPRISM CLEANING','NS','','2017-10-24 12:15:53','2017-10-24 12:19:04','2017-10-24 12:15:53','0',NULL,'NCE/2017-18/63',NULL,NULL,NULL,'2763039355V','0',NULL,NULL,'NA',NULL,'NA',NULL,'NA',NULL,'2017-10-24 12:19:04','2017-10-24 12:19:04','2017-10-24 12:19:04','2017-10-24 12:19:04',NULL,0,NULL,NULL,NULL),(53,45,'NIKON COOLPIX','P-500','1103553',1,'NIKON BATTERY EN-EL 5','Fungus in side lens',0,'','',' REPLACE VR MAGNET ONLY','','VR checking & Lens Cleaning','DTC','','2017-10-24 12:46:59','2017-10-24 12:54:44','2017-10-24 12:46:59','0',NULL,'NCE/2017-18/64',NULL,NULL,NULL,'2763039355V','0','2500',NULL,'NA',NULL,'NA',NULL,'NA',NULL,'2017-10-24 12:54:44','2017-10-27 19:00:03','2017-10-24 12:54:44','2017-10-24 12:54:44',NULL,0,'','',''),(54,46,'CANON','PSA-3100IS','58022012672',1,'CANON BATTERY NB-8L','',0,'','','REPLACE SHUTTER ASSY,\nSERVICING, LENS CLEANING','','Inner shutter not working ,servicing\ndisplay showing lens error problam','DTC','','2017-10-24 14:57:39','2017-10-24 17:09:52','2017-10-24 14:57:39','0',NULL,'NCE/2017-18/65',NULL,NULL,NULL,'2763039355V','250','2525',NULL,'NA',NULL,'NA',NULL,'NA',NULL,'2017-10-24 17:09:52','2017-10-25 10:44:19','2017-10-24 17:09:52','2017-10-24 17:09:52',NULL,0,'','',''),(55,48,'SONY','DSC- WX 300','4491126',1,'Sony Battery NP-BX 1','Scratch on Body',0,'','',' NEED TO BE REPLACE LENS SHUTTER FPC ASSY \nLENS BLOCK JAMMED, NEED TO SERVICE OR REPLACE\n','','DISPLAY SHOWING LENS ERROR PROBLEM/,SERVICING','C','','2017-10-24 19:24:47','2017-10-24 19:30:19','2017-10-24 19:24:47','0',NULL,'NCE/2017-18/66',NULL,NULL,NULL,'2763039355V','0',NULL,NULL,'NA','  NEED TO BE REPLACE LENS SHUTTER FPC ASSY/ \nLENS BLOCK JAMMED, NEED TO SERVICE OR REPLACE/ Rs.3875+750/=4625\n\n','NA','cleaning & servicing done /\ncustomer take back camera Dt:-11/12/17','NA',NULL,'2017-11-11 20:11:47','2017-12-11 20:50:51','2017-10-24 19:30:19','2017-10-24 19:30:19',NULL,0,NULL,NULL,NULL),(56,49,'CANON','EOS-600D','NIL',1,'NIL','Dust In View Finder,Scratches on Focusing Screen,Scratch on Body',0,'','','need  servicing & cleaning Rs.1500/-','TWO SPOTS ON PRISM,LEFT RUBBER DAMAGE','PRISM CLEANING,/SERVICING/CCD CLEANING\nRUBBER GRIP REPLACEMENT','TH','','2017-10-25 12:15:28','2017-10-25 14:12:31','2017-10-25 12:15:28','0',NULL,'NCE/2017-18/67',NULL,NULL,NULL,'2763039355V','0',NULL,NULL,'NA',NULL,'NA',NULL,'NA',NULL,'2017-10-25 14:12:31','2017-12-13 15:07:10','2017-10-25 14:12:31','2017-10-25 14:12:31',NULL,0,NULL,NULL,NULL),(57,50,'CANON LENS','18-55MM IS','0146200699',1,'Lens Cap front,SLICK FILTER 58mm','',0,'','',NULL,'FUNGUS IN SIDE LENS','AF NOT WORKING/CLEANING/SERVICING\nZOOM RING NOT WORKING','NS','','2017-10-25 14:13:50','2017-10-25 14:20:42','2017-10-25 14:13:50','0',NULL,'NCE/2017-18/68',NULL,NULL,NULL,'2763039355V','0',NULL,NULL,'NA',NULL,'NA',NULL,'NA',NULL,'2017-10-25 14:20:42','2017-10-25 14:20:42','2017-10-25 14:20:42','2017-10-25 14:20:42',NULL,0,NULL,NULL,NULL),(58,49,'CANON LENS','EF 1:1.8 50MM II','1615117577',1,'Lens Cap front,Lens Cap Back,SLICK 58 mm FILTER','',0,'','',' need to servicing Rs.1000/-','FUNGUS IN SIDE LENS','CLEANING & SERVICING','TH','','2017-10-25 14:29:15','2017-10-25 14:38:18','2017-10-25 14:29:15','0',NULL,'NCE/2017-18/69',NULL,NULL,NULL,'2763039355V','0',NULL,NULL,'NA',NULL,'NA',NULL,'NA',NULL,'2017-10-25 14:38:18','2017-12-13 15:06:01','2017-10-25 14:38:18','2017-10-25 14:38:18',NULL,0,NULL,NULL,NULL),(59,49,'DIGITEK FLASH','DFL-004M','60012560',1,'WITH 4 AA BATTERY','Scratch on Body',0,'','',NULL,'','NOT WORKING','NS','','2017-10-25 14:39:42','2017-10-25 14:42:16','2017-10-25 14:39:42','0',NULL,'NCE/2017-18/70',NULL,NULL,NULL,'2763039355V','0',NULL,NULL,'NA',NULL,'NA',NULL,'NA',NULL,'2017-10-25 14:42:16','2017-10-25 14:42:16','2017-10-25 14:42:16','2017-10-25 14:42:16',NULL,0,NULL,NULL,NULL),(60,51,'SONY','HXR-NX 5','518244',1,'NO ACCESSORIES','',0,'','',' CUSTOMER TAKE BACK UNREPAIRED RETURNED ','MOISTURE ON BODY','CAMERA ( UNIT DEAD) NOT WORKING','DTC','','2017-10-25 14:43:54','2017-10-25 14:49:14','2017-10-25 14:43:54','0',NULL,'NCE/2017-18/71',NULL,NULL,NULL,'2763039355V','0','250',NULL,'NA',NULL,'NA',NULL,'NA',NULL,'2017-10-25 14:49:14','2017-12-01 14:58:27','2017-10-25 14:49:14','2017-10-25 14:49:14',NULL,0,'','',''),(61,52,'SIGMA DC LENS','18-125MM 1:3.8-5.6 OS HSM','11541695',1,'NIL','',0,'','',' NEED TO BE REPLACE APERTURE FPC ASSY TOTAL Rs.4875/-','FUNGUS IN SIDE LENS','lens aperture unit not working\nservicing\nlens cleaning','DTC','','2017-10-26 12:13:02','2017-10-26 12:21:33','2017-10-26 12:13:02','0',NULL,'NCE/2017-18/72',NULL,NULL,NULL,'2763039355V','0','4875',NULL,'NA','REPLACE APERTURE FPC ASSY/LENS CLEANING DONE','NA',NULL,'NA',NULL,'2017-12-09 17:20:50','2017-12-08 14:23:46','2017-10-26 12:21:33','2017-10-26 12:21:33',NULL,0,'','',''),(62,53,'DIGITEK FLASH','DFL-400T-089IRT-(NIKON)','138641755',1,'NIL','TRIGGER PROBLAM',1,'MAHAVIR','02162-239374','need to replace IGBT /servicing ','LEFT SIDE RUBBER MISSING','READY LIGHT ON BUT FLASH NOT FIRE','CA','253410003706','2017-10-26 20:01:34','2017-10-26 20:12:38','2017-10-26 20:01:34','0',NULL,'NCE/2017-18/73',NULL,NULL,NULL,'2763039355V','0',NULL,NULL,'NA',' need to replace IGBT /servicing \nestimate Rs.450/- ','NA',NULL,'NA',NULL,'2017-11-14 14:18:28','2017-11-14 14:17:36','2017-10-26 20:12:38','2017-10-26 20:12:38',NULL,0,NULL,NULL,NULL),(63,54,'NIKON LENS','18-105MM VR 1:3.5-5.6 G ED','35893760',1,'NISI FILTER 67mm UV,Body Cap','',0,'','',' NEED TO REPLACE AF MOTOR (2475) \nNEED TO SERVICING OF VR UNIT','FUNGUS IN SIDE LENS','AUTO FOCUS & VR NOT WORKING\nSERVICING/ LENS CLEANING','DTC','','2017-10-27 13:24:13','2017-10-27 13:30:03','2017-10-27 13:24:13','0',NULL,'NCE/2017-18/74',NULL,NULL,NULL,'2763039355V','0','2475',NULL,'NA','WORK DONE','NA',NULL,'NA',NULL,'2017-11-11 11:58:46','2017-11-02 14:31:03','2017-10-27 13:30:03','2017-10-27 13:30:03',NULL,0,'','',''),(64,55,'SIMPEX FLASH','SPEEDLIGHTVT-531','NIL',1,'NIL','',0,'','','REPLACE BATTERY HOLDER ASSY & FLASH TUBE ASSY \nREPLACE  HEAD UP-DOWN LATCH \nSERVICING','WITH 4 UNKNOWN BATTERY','UNIT DEAD\nBATTERY COVER SWILLING','DTC','','2017-10-30 12:47:00','2017-10-30 12:51:06','2017-10-30 12:47:00','0',NULL,'NCE/2017-18/75',NULL,NULL,NULL,'2763039355V','0','0',NULL,'NA',NULL,'NA',NULL,'NA',NULL,'2017-10-30 12:51:06','2017-10-31 11:21:10','2017-10-30 12:51:06','2017-10-30 12:51:06',NULL,0,'','',''),(65,56,'SONIA','SPEEDLIGHT TT-800','NIL',1,'','TRIGGER PROBLEM',0,'','',' REPLACE TRIGGER BOARD ASSY \nCLEANING','HOT SHOE CRACKED','TRIGGER PROBLEM','DTC','','2017-10-30 12:51:45','2017-10-30 12:57:15','2017-10-30 12:51:45','0',NULL,'NCE/2017-18/76',NULL,NULL,NULL,'2763039355V','0','850',NULL,'NA',NULL,'NA',NULL,'NA',NULL,'2017-10-30 12:57:15','2017-11-01 14:53:45','2017-10-30 12:57:15','2017-10-30 12:57:15',NULL,0,'','',''),(66,55,'DIGITEK FLASH','DFL-003','NIL',1,'NIL','UNIT DEAD',0,'','','REPLACE POWER BOARD ASSY ONLY \nCLEANING','','UNIT DEAD','DTC','','2017-10-30 12:58:46','2017-10-30 13:01:38','2017-10-30 12:58:46','0',NULL,'NCE/2017-18/77',NULL,NULL,NULL,'2763039355V','1000','0',NULL,'NA',NULL,'NA',NULL,'NA',NULL,'2017-10-30 13:01:38','2017-10-31 11:56:32','2017-10-30 13:01:38','2017-10-30 13:01:38',NULL,0,'','',''),(67,57,'DIGITEK FLASH','DFL-003','1518531',1,'NIL','Scratch on Body',0,'','',' NEED TO BE REPLACE FLASH TUBE ASSY/\nHEAD ROWTET BASE NEED TO BE REPLACE Rs.350/-\n','HEAD ROTATED  PORSHAN SCREW  ARE MISSING','TRIGGER PROBLEM','TH','','2017-10-30 13:09:54','2017-10-30 13:30:55','2017-10-30 13:09:54','0',NULL,'NCE/2017-18/78',NULL,NULL,NULL,'2763039355V','0',NULL,NULL,'NA',NULL,'NA',NULL,'NA',NULL,'2017-10-30 13:30:55','2017-11-02 14:47:22','2017-10-30 13:30:55','2017-10-30 13:30:55',NULL,0,NULL,NULL,NULL),(68,57,'DIGITEK','DFL-001','NIL',1,'NIL','Scratch on Body',0,'','',' NEED TO BE REPLACE MAIN PCB Rs.350/-','','UNIT DEAD ( NOT WORKING)','DTC','','2017-10-30 13:32:05','2017-10-30 13:34:36','2017-10-30 13:32:05','0',NULL,'NCE/2017-18/79',NULL,NULL,NULL,'2763039355V','0','350',NULL,'NA','  NEED TO BE REPLACE MAIN PCB Rs.350/-','NA',NULL,'NA',NULL,'2017-11-02 15:13:12','2017-11-02 14:43:32','2017-10-30 13:34:36','2017-10-30 13:34:36',NULL,0,'','',''),(69,58,'JVC CAMCORDER','F-1.2 LENS','NIL',1,'Charger,Lens Cap front,AP-V14A','',0,'','',' camera need to be replace CCD Assy \nestimate givan Rs.4550+750=5300/-','','DISPLAY  NOT SHOWING PICTURE\nMECH- NOT WORKING\nSERVICING /LENS CLEANING','DTC','','2017-10-30 17:58:38','2017-10-30 18:08:00','2017-10-30 17:58:38','0',NULL,'NCE/2017-18/80',NULL,NULL,NULL,'2763039355V','250','5500',NULL,'NA',NULL,'NA','ccd replaced work done','NA',NULL,'2017-10-30 18:08:00','2017-12-06 13:15:00','2017-10-30 18:08:00','2017-10-30 18:08:00',NULL,0,'','',''),(70,59,'ELINCHROM LIGHT','FX- 400RI','1111109915',1,'FRONT CAP ONLY','',0,'','','REPLACE  FLASH TUBE ASSY\nREPLACE  NEGATIVE HOLDER PIPE  MOUNTED ON PCB\nCLEANING ','TRIGGER BOARD POSITIVE  TERMINAL DAMAGE','FLASH TUBE REPLACEMENT','DTC','','2017-10-30 18:13:06','2017-10-30 19:20:35','2017-10-30 18:13:06','0',NULL,'NCE/2017-18/81',NULL,NULL,NULL,'2763039355V','0','3440',NULL,'NA',' REPLACE  FLASH TUBE ASSY/\nREPLACE  NEGATIVE HOLDER PIPE  MOUNTED ON PCB/\nCLEANING ','NA',NULL,'NA',NULL,'2017-11-01 15:08:16','2017-11-01 15:06:01','2017-10-30 19:20:35','2017-10-30 19:20:35',NULL,0,'','',''),(71,60,'NIKON COOLPIX RED','L-24','73522578',1,'NIL','Scratch on Body',0,'','','NEED TO BE REPLACEMENT OF BATTERY COVER & BODY REPAIR ','BATTERY COVER MISSING\nBODY DAMAGE','','DTC','','2017-10-31 13:12:52','2017-10-31 13:18:15','2017-10-31 13:12:52','0',NULL,'NCE/2017-18/82',NULL,NULL,NULL,'2763039355V','300','700',NULL,'NA','WORK DONE Rs.1550/-','NA',NULL,'NA',NULL,'2017-11-11 11:56:18','2017-11-11 11:54:40','2017-10-31 13:18:15','2017-10-31 13:18:15',NULL,0,'','',''),(72,61,'CANON','IXUS 95 IS GREY','NIL',1,'','Scratch on Body,Dust In View Finder',0,'','',' NEED TO REPLACE AF MOTOR  ASSY/SERVICING/','BATTERY COVER MISSING','SOME TIME AF  NOT WORKING/SERVICING\nFRONT FLAP NOT WORKING\nON-OFF BUTTON CHECK','DTC','','2017-10-31 13:24:28','2017-10-31 16:47:31','2017-10-31 13:24:28','0',NULL,'NCE/2017-18/83',NULL,NULL,NULL,'2763039355V','0','2675',NULL,'NA','CUSTOMER APPROVAL PENDING Rs.2675/- ','NA','  REPLACE AF MOTOR  ASSY/SERVICING/ FRONT FLAP SPRING REPLACE/LENS CLEANING DONE','NA',NULL,'2017-11-13 19:42:16','2017-11-13 19:44:29','2017-10-31 16:47:31','2017-10-31 16:47:31',NULL,0,'','',''),(73,62,'CANON LENS','EF 1:1.2L II USM 85MM','13590',1,'Lens Cap Back,Lens Cap front','Scratch on Body',0,'','',' CLEANING DONE','','LENS CLEANING ONLY','DTC','','2017-11-01 11:33:04','2017-11-01 11:56:57','2017-11-01 11:33:04','0',NULL,'NCE/2017-18/84',NULL,NULL,NULL,'2763039355V','0','1500',NULL,'NA',NULL,'NA',NULL,'NA',NULL,'2017-11-01 11:56:57','2017-11-07 16:06:20','2017-11-01 11:56:57','2017-11-01 11:56:57',NULL,0,'','',''),(74,62,'NIKON LENS','AF-S NIKKOR 24-70 1:2.8G ED','440683',1,'Lens Cap Back,Lens Cap front','FUNGUS IN SIDE THE LENS',0,'','',' CLEANING DONE','FOCUSING RING RUBBER DAMAGE','LENS CLEANING ONLY','DTC','','2017-11-01 11:57:49','2017-11-01 12:02:15','2017-11-01 11:57:49','0',NULL,'NCE/2017-18/85',NULL,NULL,NULL,'2763039355V','0','2500',NULL,'NA',NULL,'NA',NULL,'NA',NULL,'2017-11-01 12:02:15','2017-11-07 16:05:30','2017-11-01 12:02:15','2017-11-01 12:02:15',NULL,0,'','',''),(75,62,'NIKON LENS','AF-S NIKKOR 70-200MM 1:2.8GII ED','20062570',1,'Lens Cap Back,Lens Cap front','FUNGUS IN SIDE THE LENS',0,'','','  UNREPAIRED RETURN TO CUSTOMER ','','LENS CLEANING ONLY','DTC','','2017-11-01 12:03:38','2017-11-01 12:09:58','2017-11-01 12:03:38','0',NULL,'NCE/2017-18/86',NULL,NULL,NULL,'2763039355V','0','0',NULL,'NA',NULL,'NA',NULL,'NA',NULL,'2017-11-01 12:09:58','2017-11-07 17:38:58','2017-11-01 12:09:58','2017-11-01 12:09:58',NULL,0,'','',''),(76,63,'CANON POWER SHOT','SX-50HS','728032800352',1,'CANON BATTERY NB 10L,Lens Cap front','MOISTURE IN SIDE THE CAMERA',0,'','',' camera servicing done but zoom motor not working properly \nits need to replace motor assy get approvel','CHECK OTHER FUNCTION','DISPLAY SHOWING LENS ERROR PROBLEM\nSERVICING REQUARED','DTC','','2017-11-01 17:46:22','2017-11-01 17:57:02','2017-11-01 17:46:22','0',NULL,'NCE/2017-18/87',NULL,NULL,NULL,'2763039355V','0','7500',NULL,'NA','customer is approved to replace motor assy/\n estimated charge Rs.7500/-','NA','REPLACE  ZOOM MOTOR ASSY & ITS WORKING FINE\nWORK DONE','NA',NULL,'2017-11-13 14:37:02','2017-11-20 19:08:03','2017-11-01 17:57:02','2017-11-01 17:57:02',NULL,0,'','',''),(77,62,'NIKON LENS','AF-S MICRO 105MM 1:-2.8 G ED VR','389229',1,'Lens Cap Back,Lens Cap front','FUNGUS IN SIDE LENS',0,'','','  UNREPAIRED RETURN TO CUSTOMER ','','LENS CLEANING ONLY','DTC','','2017-11-02 11:41:43','2017-11-02 11:52:07','2017-11-02 11:41:43','0',NULL,'NCE/2017-18/88',NULL,NULL,NULL,'2763039355V','0','0',NULL,'NA',NULL,'NA',NULL,'NA',NULL,'2017-11-02 11:52:07','2017-11-07 17:38:33','2017-11-02 11:52:07','2017-11-02 11:52:07',NULL,0,'','',''),(78,62,'NIKON LENS','AF 1:1.8D / 50MM','889992',1,'Lens Cap Back,Lens Cap front','',0,'','',' CLEANING DONE','','LENS CLEANING ONLY','DTC','','2017-11-02 11:54:06','2017-11-02 11:56:30','2017-11-02 11:54:06','0',NULL,'NCE/2017-18/89',NULL,NULL,NULL,'2763039355V','0','500',NULL,'NA',NULL,'NA',NULL,'NA',NULL,'2017-11-02 11:56:30','2017-11-07 16:04:48','2017-11-02 11:56:30','2017-11-02 11:56:30',NULL,0,'','',''),(79,62,'CANON LENS','EF-1.4/50MM USM','77385804',1,'Lens Cap Back,Lens Cap front','FUNGUS IN SIDE THE LENS',0,'','',' LENS NEED TO BE REPLACE APERTURE FLEX ASSY','','LENS ERROR (001) PROBLAM','DTC','','2017-11-02 11:58:34','2017-11-02 12:10:50','2017-11-02 11:58:34','0',NULL,'NCE/2017-18/90',NULL,NULL,NULL,'2763039355V','0','0',NULL,'NA',' UNREPAIRED/\n RETURN TO CUSTOMER ','NA',NULL,'NA',NULL,'2017-11-07 17:58:41','2017-11-07 17:32:56','2017-11-02 12:10:50','2017-11-02 12:10:50',NULL,0,'','',''),(80,62,'CANON LENS','EF 1:2  135MM L USM','168605',1,'Lens Cap Back,Lens Cap front','FUNGUS INSIDE THE LENS',0,'','',' UNREPAIRED RETURN TO CUSTOMER ','','LENS CLEANING ONLY','DTC','','2017-11-02 12:13:06','2017-11-02 12:18:15','2017-11-02 12:13:06','0',NULL,'NCE/2017-18/91',NULL,NULL,NULL,'2763039355V','0','0',NULL,'NA',NULL,'NA',NULL,'NA',NULL,'2017-11-02 12:18:15','2017-11-07 17:31:14','2017-11-02 12:18:15','2017-11-02 12:18:15',NULL,0,'','',''),(81,62,'SIGMA LENS','1:1.4 35MM DG','51658194',1,'Lens Cap Back,Lens Cap front','FUNGUS IN SIDE THE LENS',0,'','',' cleaning done','','LENS CLEANING ONLY','DTC','','2017-11-02 12:26:26','2017-11-02 12:30:46','2017-11-02 12:26:26','0',NULL,'NCE/2017-18/92',NULL,NULL,NULL,'2763039355V','0','2000',NULL,'NA',NULL,'NA',NULL,'NA',NULL,'2017-11-02 12:30:46','2017-11-07 16:03:45','2017-11-02 12:30:46','2017-11-02 12:30:46',NULL,0,'','',''),(82,64,'SONY VIDEO CAMERA','DCR-HC 42E PAL','294130',1,'NIL','Scratch on Body',0,'','',' CAMERA NEED TO BE REPLACEMENT OF BASE MECHANISM /SERVICING ','','WHEN CASSETTE LOADING MECHANISM NOT WORKING (STUCK)\nSERVICING /CLEANING','NS','','2017-11-02 12:39:13','2017-11-02 12:52:09','2017-11-02 12:39:13','0',NULL,'NCE/2017-18/93',NULL,NULL,NULL,'2763039355V','0',NULL,NULL,'NA','  CAMERA NEED TO BE REPLACEMENT OF BASE MECHANISM /SERVICING \nAPPROVAL DONE BY CUSTOMER ON DT:-7/11/17 Rs.3375/-  ','NA','  CAMERA NEED TO BE REPLACEMENT OF BASE MECHANISM /SERVICING ','NA',NULL,'2017-11-07 17:46:53','2017-11-07 17:47:49','2017-11-02 12:52:09','2017-11-02 12:52:09',NULL,0,NULL,NULL,NULL),(83,65,'PANASONIC VIDEO CAMERA','NV-GS 120GC','C4HW00144',1,'PANASONIC BATTERY VBS0471,PANASONIC SD CARD 8MB','',0,'','',' ESTIMATE GIVEN Rs.4875/- Dt:-8/11/17 ','TWO SONY CASSETTE\nONE CASSETTE BREAK\nLCD SCREEN DAMAGE  NOT WORKING\nSERVICING/LENS CLEANING','CASSETTE MECHANISM CHECK','CA','','2017-11-03 11:57:54','2017-11-03 12:10:59','2017-11-03 11:57:54','0',NULL,'NCE/2017-18/94',NULL,NULL,NULL,'2763039355V','0',NULL,NULL,'NA',NULL,'NA',NULL,'NA',NULL,'2017-11-03 12:10:59','2017-11-08 15:11:23','2017-11-03 12:10:59','2017-11-03 12:10:59',NULL,0,NULL,NULL,NULL),(84,66,'NIKON','D-7000','8264777',1,'NIKON BATTERY EN-EL15','Dust In View Finder,Scratch on Body',0,'','',' ccd cleaning /servicing /model dial fpc changed done','power drive rubber holder cover missing/\neye piece rubber missing','MENU BUTTON NOT WORKING/SERVICING/\nONE NUMBER CARD SLOT SOME TIME NOT WORKING','DTC','','2017-11-03 15:30:30','2017-11-03 15:47:44','2017-11-03 15:30:30','0',NULL,'NCE/2017-18/95',NULL,NULL,NULL,'2763039355V','0','2550',NULL,'NA',NULL,'NA',NULL,'NA',NULL,'2017-11-03 15:47:44','2017-11-18 13:41:32','2017-11-03 15:47:44','2017-11-03 15:47:44',NULL,0,'','',''),(85,66,'NIKON LENS','18-140MM 1:3.5-5.6G ED VR','20214689',1,'Lens Cap front,DIGITEK 67mm UV FILTER','FUNGUS INSIDE THE LENS',0,'','',NULL,'ZOOM RING RUBBER TO BE REPLACEMENT','VR NOT WORKING/SERVICING','NS','','2017-11-03 15:49:10','2017-11-03 15:54:59','2017-11-03 15:49:10','0',NULL,'NCE/2017-18/96',NULL,NULL,NULL,'2763039355V','0',NULL,NULL,'NA',NULL,'NA',NULL,'NA',NULL,'2017-11-03 15:54:59','2017-11-03 15:54:59','2017-11-03 15:54:59','2017-11-03 15:54:59',NULL,0,NULL,NULL,NULL),(86,66,'NIKON LENS','18-105MM 1:3.5-5.6G ED VR','NIL',1,'Lens Cap Back,Lens Cap front','FUNGUS INSIDE THE LENS',0,'','',' fungus cleaning done','','LENS CLEANING ONLY','DTC','','2017-11-03 15:56:15','2017-11-03 16:01:26','2017-11-03 15:56:15','0',NULL,'NCE/2017-18/97',NULL,NULL,NULL,'2763039355V','0','5050',NULL,'NA',NULL,'NA',NULL,'NA',NULL,'2017-11-03 16:01:26','2017-11-18 13:43:21','2017-11-03 16:01:26','2017-11-03 16:01:26',NULL,0,'','',''),(87,11,'DIGITEK FLASH','DFL-003','16M09S0500376',1,'WITH WARRANTY CARD,CASE/BOX/','',1,'PALANDE','9921100924',' FLASH CHECKED ITS WORKING FINE\nNO PROBLEM  IN FLASH UNIT','BATTERY COVER CRACKED','TRIGGER PROBLEM(SOME TIME FIRE SOME TIME NOT)','DTC','170243010','2017-11-07 18:32:44','2017-11-07 18:58:38','2017-11-07 18:32:44','0',NULL,'NCE/2017-18/98',NULL,NULL,NULL,'2763039355V','0','0',NULL,'NA','  WORK DONE \nREADY TO DELIVERY ','NA',NULL,'NA',NULL,'2017-11-07 19:13:29','2017-11-07 19:11:51','2017-11-07 18:58:38','2017-11-07 18:58:38',NULL,1,'palande','9881138228','170254789'),(88,68,'FUJI FINEPIX','S-1800','0SO34243',1,'Lens Cap front','Salt Water Damage',0,'','',' CCD PART REQUIRED/ MODE DIAL REQUIRED','','SERVICING & LENS CLEANING ONLY','DTC','','2017-11-08 11:35:07','2017-11-08 11:41:59','2017-11-08 11:35:07','0',NULL,'NCE/2017-18/99',NULL,NULL,NULL,'2763039355V','0','2575',NULL,'NA',NULL,'NA',NULL,'NA','ccd base replace /mode dial servicing /lens cleaning done Rs.2575/-','2017-11-08 11:41:59','2017-11-15 17:30:50','2017-11-27 16:45:31','2017-11-08 11:41:59',NULL,0,'','',''),(89,69,'CANON EOS','D-760','188032001079',1,'CANON BATTERY LP-E17,Filter UV,DIGITEK 67mm','Dust In View Finder,Scratch on Body',0,'','',' servicing done ','','SERVICING ONLY','DTC','','2017-11-08 11:47:57','2017-11-08 14:51:34','2017-11-08 11:47:57','0',NULL,'NCE/2017-18/100',NULL,NULL,NULL,'2763039355V','0','750',NULL,'NA','  servicing done/ Rs.1500/- ','NA',NULL,'NA',NULL,'2017-11-14 14:03:21','2017-11-14 14:02:18','2017-11-08 14:51:34','2017-11-08 14:51:34',NULL,0,'','',''),(90,69,'CANON LENS','EFS-18-135MM 1:3.5-5.6 IS STM','4242024288',1,'Filter UV,DIGITEK 67mm','',0,'','',' ESTIMATE GIVEN TO CUSTOMER Rs.1500/- Dt:-8/11/17','','LENS CLEANING ONLY','DTC','','2017-11-08 14:52:14','2017-11-08 14:55:11','2017-11-08 14:52:14','0',NULL,'NCE/2017-18/101',NULL,NULL,NULL,'2763039355V','0','750',NULL,'NA',NULL,'NA','  ESTIMATE GIVEN TO CUSTOMER Dt:-8/11/17','NA',NULL,'2017-11-08 14:55:11','2017-11-14 18:01:20','2017-11-08 14:55:11','2017-11-08 14:55:11',NULL,0,'','',''),(91,70,'NIKON','D-5200','6292688',1,'NIKON BATTERY EL EL14','Dust In View Finder,Scratch on Body,Scratches on Focusing Screen',0,'','',' UNREPAIR RETURN TO CUSTOMER','NIKON LENS 18-55mm VR GII\nS No:-22395091','MEMORY CARD SLOT NOT WORKING/SERVICING','DTC','','2017-11-08 20:21:24','2017-11-08 20:32:37','2017-11-08 20:21:24','0',NULL,'NCE/2017-18/102',NULL,NULL,NULL,'2763039355V','0','0',NULL,'NA',NULL,'NA',NULL,'NA',NULL,'2017-11-08 20:32:37','2017-11-11 12:03:09','2017-11-08 20:32:37','2017-11-08 20:32:37',NULL,0,'','',''),(92,71,'NIKON','D-7000','8259704',1,'SCREEN GUARD NIKON','Dust In View Finder',0,'','','  BODY SERVICING/CCD CLEANING  DONE Rs.1000/-','','BODY SERVICING/CCD CLEANING','DTC','','2017-11-08 20:41:36','2017-11-08 20:47:51','2017-11-08 20:41:36','0',NULL,'NCE/2017-18/103',NULL,NULL,NULL,'2763039355V','0','1000',NULL,'NA',NULL,'NA',NULL,'NA',NULL,'2017-11-08 20:47:51','2017-11-11 14:27:54','2017-11-08 20:47:51','2017-11-08 20:47:51',NULL,0,'','',''),(93,71,'NIKON LENS','AF18-105MM 1:3.5-5.6 G ED VR','38226262',1,'Lens Cap front,DIGITEK 67mm UV FILTER','FUNGUS IN SIDE TH E LENS',0,'','',' LENS CLEANING HALF WORK DONE Rs.1000/-','','LENS CLEANING ONLY','DTC','','2017-11-08 20:48:36','2017-11-08 20:51:44','2017-11-08 20:48:36','0',NULL,'NCE/2017-18/104',NULL,NULL,NULL,'2763039355V','0','1500',NULL,'NA',NULL,'NA',NULL,'NA',NULL,'2017-11-08 20:51:44','2017-11-11 14:26:57','2017-11-08 20:51:44','2017-11-08 20:51:44',NULL,0,'','',''),(94,72,'SIGMA LENS','150-500MM1:5-6.3APO HSM','13867196',1,'Lens Cap Back,Lens Cap front','FUNGUS IN SIDE THE LENS',0,'','',' NEED TO SERVICING OF FOCUSING MOTOR & LENS CLEANING','AF RING SLOW MOVEMENT','SERVICING & LENS CLEANING','C','','2017-11-09 18:33:32','2017-11-09 18:39:29','2017-11-09 18:33:32','0',NULL,'NCE/2017-18/105',NULL,NULL,NULL,'2763039355V','0',NULL,NULL,'NA',' CUSTOMER TAKE BACK ','NA',NULL,'NA',NULL,'2017-11-14 20:33:12','2017-11-14 20:28:30','2017-11-09 18:39:29','2017-11-09 18:39:29',NULL,0,NULL,NULL,NULL),(95,73,'NIKON','P-530','10005228',1,'NIKON BATTERY EN-EL 5','',0,'','',' CAMERA SERVICING & LENS CLEANING DONE','DISPLAY SHOWING LENS ERROR','LENS STUCK/SERVICING/LENS CLEANING','DTC','','2017-11-10 16:45:25','2017-11-10 16:51:42','2017-11-10 16:45:25','0',NULL,'NCE/2017-18/106',NULL,NULL,NULL,'2763039355V','250','1250',NULL,'NA',NULL,'NA',NULL,'NA',NULL,'2017-11-10 16:51:42','2017-11-14 19:02:34','2017-11-10 16:51:42','2017-11-10 16:51:42',NULL,0,'','',''),(96,86,'CANON','IXUS-160','NIL',1,'Canon battery NB-11L','Scratch on Body',0,'','',NULL,'one scratch on front element','lens Assy to replacement','NS','','2017-11-10 17:18:12','2017-11-10 17:24:13','2017-11-10 17:18:12','0',NULL,'NCE/2017-18/107',NULL,NULL,NULL,'2763039355V','2000',NULL,NULL,'NA',NULL,'NA',NULL,'NA',NULL,'2017-11-10 17:24:13','2017-11-10 17:24:13','2017-11-10 17:24:13','2017-11-10 17:24:13',NULL,0,NULL,NULL,NULL),(97,87,'PANASONIC','DMC-FH-22','WU0BA001177',1,'Battery,CGA-S/106C','Scratch on Body',0,'','',' need to replace LCD assy /\nestimate cost 2550/-','LCD BREAK','ZOOM IN OUT PROBLEM/SERVICING','PP','','2017-11-11 11:41:07','2017-11-11 11:47:10','2017-11-11 11:41:07','0',NULL,'NCE/2017-18/108',NULL,NULL,NULL,'2763039355V','0',NULL,NULL,'NA',NULL,'NA',NULL,'NA',NULL,'2017-11-11 11:47:10','2017-11-13 14:40:22','2017-11-11 11:47:10','2017-11-11 11:47:10',NULL,0,NULL,NULL,NULL),(98,88,'NIKON','D-7000','8258566',1,'NIKON BATTERY EN-EL15','Scratch on Body,Dust In View Finder',0,'','','  SERVICING/LENS CLEANING DONE\nCCD CLEANING DONE Rs.2500/-','NIKON 18-105MM VR S.No:-38191753\nMODE BUTTON SOME TIME WORK SOME TIME NOT','SERVICING/LENS CLEANING','DTC','','2017-11-11 12:06:27','2017-11-11 13:05:46','2017-11-11 12:06:27','0',NULL,'NCE/2017-18/109',NULL,NULL,NULL,'2763039355V','0','2500',NULL,'NA',NULL,'NA',NULL,'NA',NULL,'2017-11-11 13:05:46','2017-11-11 19:10:02','2017-11-11 13:05:46','2017-11-11 13:05:46',NULL,0,'','',''),(99,89,'SONY','DSC-M2','5413820',1,'Battery,SONY-NP-FT1','',0,'','',' need to replace lcd assy/\nestimated cost customer approved Rs.3475/-','LCD BREAK \nwhen camera received battery not charge so we could check camera','REPLACEMENT OF LCD ASSY','DTC','','2017-11-11 18:21:17','2017-11-11 18:29:41','2017-11-11 18:21:17','0',NULL,'NCE/2017-18/110',NULL,NULL,NULL,'2763039355V','0','3475',NULL,'NA',NULL,'NA',NULL,'NA','\n   replace lcd assy & servicing done','2017-11-11 18:29:41','2017-11-13 15:42:48','2017-11-15 17:42:46','2017-11-11 18:29:41',NULL,0,'','',''),(100,90,'NIKON LENS','18-105MM VR','38433573',1,'Lens Cap Back,Lens Cap front','Scratch on Body',0,'','',' Temporary customer take back his camera Dt:-13-11-17','NEED TO BE REPLACE ZOOM RING RUBBER/& ZOOM RING LOCK ASSY ONLY','','CA','','2017-11-13 16:07:49','2017-11-13 16:12:30','2017-11-13 16:07:49','0',NULL,'NCE/2017-18/111',NULL,NULL,NULL,'2763039355V','0',NULL,NULL,'NA',NULL,'NA',NULL,'NA',NULL,'2017-11-13 16:12:30','2017-11-14 13:51:47','2017-11-13 16:12:30','2017-11-13 16:12:30',NULL,0,NULL,NULL,NULL),(101,91,'OLYMPUS BINOCULAR','10X50 DPS-L','1552160',1,'','',0,'','','PRISM ADJUSTMENT & / PRISM CLEANING DONE  ','','double image problem ( prism adjustment)','DTC','','2017-11-14 16:45:02','2017-11-14 16:49:48','2017-11-14 16:45:02','0',NULL,'NCE/2017-18/112',NULL,NULL,NULL,'2763039355V','0','750',NULL,'NA',NULL,'NA',NULL,'NA',NULL,'2017-11-14 16:49:48','2017-11-14 19:22:08','2017-11-14 16:49:48','2017-11-14 16:49:48',NULL,0,'','',''),(102,92,'CANON POWER SHOT','A 2000- IS','NIL',1,'','Scratch on Body',0,'','',' NEED TO BE REPAIR BATTERY COVER \nESTIMATE Rs.900/-','BATTERY COVER LOCK BREAK','SERVICING & CLEANING','DTC','','2017-11-14 18:39:20','2017-11-14 18:45:30','2017-11-14 18:39:20','0',NULL,'NCE/2017-18/113',NULL,NULL,NULL,'2763039355V','0','900',NULL,'NA',NULL,'NA','battery cover assy repair  /work done','NA',NULL,'2017-11-14 18:45:30','2017-11-18 20:33:34','2017-11-14 18:45:30','2017-11-14 18:45:30',NULL,0,'','',''),(103,93,'CANON SLR','1200- D','228074077141',1,'Battery,CANON LP-E10','Dust In View Finder',0,'','',NULL,'','CCD CLEANING/BODY CLEANING/MEMORY CARD READING PROBLAM','NS','','2017-11-15 11:49:10','2017-11-15 11:55:46','2017-11-15 11:49:10','0',NULL,'NCE/2017-18/114',NULL,NULL,NULL,'2763039355V','0',NULL,NULL,'NA',NULL,'NA',NULL,'NA',NULL,'2017-11-15 11:55:46','2017-11-15 11:55:46','2017-11-15 11:55:46','2017-11-15 11:55:46',NULL,0,NULL,NULL,NULL),(104,93,'CANON LENS','18-55MM IS','3576039742',1,'Filter UV,SONIA 58mm,Lens Cap front,Lens Cap Back','',0,'','',NULL,'','LENS CLEANING & SERVICING/FOCUSING PROBLAM','NS','','2017-11-15 11:56:22','2017-11-15 12:20:50','2017-11-15 11:56:22','0',NULL,'NCE/2017-18/115',NULL,NULL,NULL,'2763039355V','0',NULL,NULL,'NA',NULL,'NA',NULL,'NA',NULL,'2017-11-15 12:20:50','2017-11-15 12:20:50','2017-11-15 12:20:50','2017-11-15 12:20:50',NULL,0,NULL,NULL,NULL),(105,93,'CANON ZOOM LENS','EF-S 55-250 MM 1:4-5.6 IS II','3532009526',1,'Lens Cap front','',0,'','',' lens cleaning done','','FOCUSING PROBLEM /SERVICING/LENS CLEANING','DTC','','2017-11-15 12:23:32','2017-11-15 12:30:55','2017-11-15 12:23:32','0',NULL,'NCE/2017-18/116',NULL,NULL,NULL,'2763039355V','0','2000',NULL,'NA',NULL,'NA',NULL,'NA',NULL,'2017-11-15 12:30:55','2017-11-24 10:59:37','2017-11-15 12:30:55','2017-11-15 12:30:55',NULL,0,'','',''),(106,94,'PROLINCHROM','23','208407004438',1,'FRONT CAP ONLY','Scratch on Body',0,'','',' MAIN CONDENSER FAULTY NEED TO BE REPLACE & COIL REPLACE  ','WHEN UNIT IS ON SOME NOISE ARE THERE','SOME TIMES PROPER FIRE SOME TIMES NOT/CHECK OTHER FUNCTION /CLEANING','DTC','','2017-11-16 16:56:53','2017-11-16 17:04:06','2017-11-16 16:56:53','0',NULL,'NCE/2017-18/117',NULL,NULL,NULL,'2763039355V','0','1500',NULL,'NA','  MAIN CONDENSER FAULTY NEED TO BE REPLACE & COIL REPLACEMENT DONE 1500/- ','NA',NULL,'NA',NULL,'2017-11-30 15:46:19','2017-11-30 15:45:40','2017-11-16 17:04:06','2017-11-16 17:04:06',NULL,0,'','',''),(107,96,'CANON LENS','EFS-55-250MM 1:4:5.6 IS II','1322005521',1,'NIL','FUNGUS INSIDE THE LENS',0,'','',NULL,'FOCUSING NOT WORKING','APERTURE NOT WORKING/SERVICING','NS','','2017-11-18 14:59:23','2017-11-18 15:04:59','2017-11-18 14:59:23','0',NULL,'NCE/2017-18/118',NULL,NULL,NULL,'2763039355V','0',NULL,NULL,'NA',NULL,'NA',NULL,'NA',NULL,'2017-11-18 15:04:59','2017-11-18 15:04:59','2017-11-18 15:04:59','2017-11-18 15:04:59',NULL,0,NULL,NULL,NULL),(108,97,'CANON BODY','EOS 600D','NIL',1,'CANON BATTERY LP-E 8','Scratches on Focusing Screen,Scratch on Body,Dust In View Finder',0,'','',' prism & lcd cleaning done','','CLEANING & SERVICING','NS','','2017-11-18 15:07:02','2017-11-18 15:11:36','2017-11-18 15:07:02','0',NULL,'NCE/2017-18/119',NULL,NULL,NULL,'2763039355V','0',NULL,NULL,'NA','CUSTOMER TAKE BACK Dt:_30-11-17','NA',' ','NA',NULL,'2017-11-30 19:08:39','2017-11-30 19:10:19','2017-11-18 15:11:36','2017-11-18 15:11:36',NULL,0,NULL,NULL,NULL),(109,96,'CANON LENS','18-55MM IS','1346053567',1,'NIL','',0,'','','lens cleaning half done  ','','FUNGUS CLEANING ONLY','CA','','2017-11-18 15:12:32','2017-11-18 15:14:48','2017-11-18 15:12:32','0',NULL,'NCE/2017-18/120',NULL,NULL,NULL,'2763039355V','0',NULL,NULL,'NA',' received lens back on dat:-30/11/17  ','NA',' received lens back  on dat:-20/11/17','NA',NULL,'2017-11-30 19:07:27','2017-11-21 12:54:54','2017-11-18 15:14:48','2017-11-18 15:14:48',NULL,0,NULL,NULL,NULL),(110,98,'NIKON FLASH GUN','SB-900','2251824',1,'NIL','',0,'','',' replace flash tube & trigger coil  Rs.1500/-','MOISTURE PROBLAM','TRIGGER PROBLEM/CLEANING','DTC','','2017-11-20 11:38:50','2017-11-20 11:43:12','2017-11-20 11:38:50','0',NULL,'NCE/2017-18/121',NULL,NULL,NULL,'2763039355V','0','1500',NULL,'NA',NULL,'NA',NULL,'NA',NULL,'2017-11-20 11:43:12','2017-11-24 11:15:44','2017-11-20 11:43:12','2017-11-20 11:43:12',NULL,0,'','',''),(111,96,'SIGMA DG LENS','150-500MM 1:5-6.3APO HSM','10893446',1,'Lens Cap Back,Lens Cap front','fungus in side the lens',0,'','','FRONT ELEMENT & BACK ELEMENT LENS  CLEANING DONE/CUSTOMER TAKE BACK UNIT 30-11-17','bayonet mount loose','servicing & lens cleaning/check focusing','CA','','2017-11-20 20:16:45','2017-11-20 20:21:37','2017-11-20 20:16:45','0',NULL,'NCE/2017-18/122',NULL,NULL,NULL,'2763039355V','0',NULL,NULL,'NA',NULL,'NA',NULL,'NA',NULL,'2017-11-20 20:21:37','2017-11-30 19:03:31','2017-11-20 20:21:37','2017-11-20 20:21:37',NULL,0,NULL,NULL,NULL),(112,11,'DIGITEK STUDIO LIGHT','DSF-400(BLACK)','2611493',1,'Lens Cap front','',1,'tirupati','9921100924',NULL,'trigger problem','ready light on but not fire','NS','123456','2017-11-21 10:58:49','2017-11-21 11:24:15','2017-11-21 10:58:49','0',NULL,'NCE/2017-18/123',NULL,NULL,NULL,'2763039355V','0',NULL,NULL,'NA',NULL,'NA',NULL,'NA',NULL,'2017-11-21 11:24:15','2017-11-21 11:24:15','2017-11-21 11:24:15','2017-11-21 11:24:15',NULL,0,NULL,NULL,NULL),(113,11,'DIGITEK STUDIO LIGHT','DSF-400( VIOLET COLOR)','NIL',1,'front cap & blub only','',1,'tirupati','9403535042',NULL,'TRIGGER PROBLEM /\nBLUB NOT WORKING(DEAD)','','NS','9403535042','2017-11-21 11:25:02','2017-11-21 11:59:41','2017-11-21 11:25:02','0',NULL,'NCE/2017-18/124',NULL,NULL,NULL,'2763039355V','0',NULL,NULL,'NA',NULL,'NA',NULL,'NA',NULL,'2017-11-21 11:59:41','2017-11-21 11:59:41','2017-11-21 11:59:41','2017-11-21 11:59:41',NULL,0,NULL,NULL,NULL),(114,99,'DIGITEK STUDIO LIGHT','DSF-400','NIL',1,'FRONT CAP ONLY','',0,'','',NULL,'UNIT DEAD','NOT WORKING (DEAD)','NS','','2017-11-21 12:33:52','2017-11-21 12:37:57','2017-11-21 12:33:52','0',NULL,'NCE/2017-18/125',NULL,NULL,NULL,'2763039355V','0',NULL,NULL,'NA',NULL,'NA',NULL,'NA',NULL,'2017-11-21 12:37:57','2017-11-21 12:37:57','2017-11-21 12:37:57','2017-11-21 12:37:57',NULL,0,NULL,NULL,NULL),(115,100,'SIMPEX FLASH','VT 531','NIL',1,'','DEAD',0,'','',' replace flash tube assy& trigger coil ','UNIT DEAD','NOT WORKING','DTC','','2017-11-23 14:10:44','2017-11-23 14:19:12','2017-11-23 14:10:44','0',NULL,'NCE/2017-18/126',NULL,NULL,NULL,'2763039355V','0','450',NULL,'NA','  work done Rs.450/-','NA',NULL,'NA',NULL,'2017-11-24 12:29:57','2017-11-24 12:27:23','2017-11-23 14:19:12','2017-11-23 14:19:12',NULL,0,'','',''),(116,100,'DIGITEK FLASH','DFL-001','NIL',1,'NIL','BATTERY HOLDER DAMAGE',0,'','',NULL,'UNIT DEAD /HOT SHOE SCREW MISSING','NOT WORKING','NS','','2017-11-23 14:20:12','2017-11-23 14:30:11','2017-11-23 14:20:12','0',NULL,'NCE/2017-18/127',NULL,NULL,NULL,'2763039355V','0',NULL,NULL,'NA',NULL,'NA',NULL,'NA',NULL,'2017-11-23 14:30:11','2017-11-23 14:30:11','2017-11-23 14:30:11','2017-11-23 14:30:11',NULL,0,NULL,NULL,NULL),(117,101,'CANON POWER SHOT','SX 110 IS','NIL',1,'NIL','Salt Water Damage,Scratch on Body',0,'','',' NEED TO SERVICING & BATTERY COVER REPAIR Rs.3000/-','front body outer ring damage/battery compartment lock break','not working unit dead','C','','2017-11-25 13:26:29','2017-11-25 13:31:38','2017-11-25 13:26:29','0',NULL,'NCE/2017-18/128',NULL,NULL,NULL,'2763039355V','0',NULL,NULL,'NA',' SERVICING & LENS CLEANING DONE','NA',NULL,'NA',NULL,'2017-12-22 15:48:38','2017-12-09 19:32:42','2017-11-25 13:31:38','2017-11-25 13:31:38',NULL,0,NULL,NULL,NULL),(118,102,'TAMRON LENS','SP-150-600MM F-5-6.3','027227',1,'Lens Cap Back,Lens Cap front','',0,'','','REQUIRED LENS CLEANING Rs.2500/-','DUST ON FRONT ELEMENT/FUNGUS IN SIDE THE LENS','LENS CLEANING/ SERVICING','DTC','','2017-11-25 17:04:56','2017-11-25 17:12:30','2017-11-25 17:04:56','0',NULL,'NCE/2017-18/129',NULL,NULL,NULL,'2763039355V','0','2500',NULL,'NA',' REQUIRED LENS CLEANING Rs.2500/-','NA',NULL,'NA',NULL,'2017-12-09 19:09:35','2017-12-09 16:57:28','2017-11-25 17:12:30','2017-11-25 17:12:30',NULL,0,'','',''),(119,103,'CANON LENS','18-55MM IS','7674017271',1,'Lens Cap front,REAR LENS CAP TAMRON','FUNGUS IN SIDE THE LENS',0,'','',' AF FPC REPLACE-LENS CLEANING DONE','AUTO FOCUS NOT WORKING','AUTO FOCUS NOT WORKING','DTC','','2017-11-25 19:11:54','2017-11-25 19:18:01','2017-11-25 19:11:54','0',NULL,'NCE/2017-18/130',NULL,NULL,NULL,'2763039355V','0','2125',NULL,'NA',NULL,'NA',NULL,'NA',NULL,'2017-11-25 19:18:01','2017-11-29 19:41:29','2017-11-25 19:18:01','2017-11-25 19:18:01',NULL,0,'','',''),(120,102,'CANON LENS','18-55MM IS','0846102618',1,'Lens Cap Back,Lens Cap front','',0,'','',' FUNGUS & DUST CLEANING REQUIRED Rs.1000/-','','lens cleaning','DTC','','2017-11-27 10:48:40','2017-11-27 10:54:26','2017-11-27 10:48:40','0',NULL,'NCE/2017-18/131',NULL,NULL,NULL,'2763039355V','0','1000',NULL,'NA','  FUNGUS & DUST CLEANING REQUIRED Rs.1000/-','NA',NULL,'NA',NULL,'2017-12-09 19:09:24','2017-12-09 16:59:34','2017-11-27 10:54:26','2017-11-27 10:54:26',NULL,0,'','',''),(121,102,'CANON LENS','EFS 55 - 250MM IS','0812005130',1,'Lens Cap Back,Lens Cap front','',0,'','','REQUIRED LENS CLEANING  Rs.2500/-','','Fungus cleaning only','DTC','','2017-11-27 10:54:54','2017-11-27 10:57:03','2017-11-27 10:54:54','0',NULL,'NCE/2017-18/132',NULL,NULL,NULL,'2763039355V','0','2500',NULL,'NA',' REQUIRED LENS CLEANING  Rs.2500/-','NA',NULL,'NA',NULL,'2017-12-09 19:09:43','2017-12-09 16:58:35','2017-11-27 10:57:03','2017-11-27 10:57:03',NULL,0,'','',''),(122,72,'NIKON BODY','D-3200','8058766',1,'nikon battery EN EL-14','Dust In View Finder,Scratches on Focusing Screen',0,'','',NULL,'ccd check up','','NS','','2017-11-28 15:41:20','2017-11-28 15:47:44','2017-11-28 15:41:20','0',NULL,'NCE/2017-18/133',NULL,NULL,NULL,'2763039355V','0',NULL,NULL,'NA',NULL,'NA',NULL,'NA',NULL,'2017-11-28 15:47:44','2017-11-28 15:47:44','2017-11-28 15:47:44','2017-11-28 15:47:44',NULL,0,NULL,NULL,NULL),(123,72,'NIKON LENS','18-55MM VR','52074479',1,'NISI FILTER 52mm','',0,'','',' replace focusing motor & AF sensor /servicing & cleaning 2625/-','FUNGUS CLEANING/SERVICING','AUTO FOCUSING NOT WORK/','C','','2017-11-28 15:48:27','2017-11-28 15:52:21','2017-11-28 15:48:27','0',NULL,'NCE/2017-18/134',NULL,NULL,NULL,'2763039355V','0',NULL,NULL,'NA',NULL,'NA',NULL,'NA',NULL,'2017-11-28 15:52:21','2017-12-23 14:27:13','2017-11-28 15:52:21','2017-11-28 15:52:21',NULL,0,NULL,NULL,NULL),(124,72,'BUSHNELL BINOCULAR','10X50','NIL',1,'','',0,'','',NULL,'right side eyepiece rubber missing','prism seating required/cleaning/fungus cleaning','NS','','2017-11-28 15:53:06','2017-11-28 16:01:44','2017-11-28 15:53:06','0',NULL,'NCE/2017-18/135',NULL,NULL,NULL,'2763039355V','0',NULL,NULL,'NA',NULL,'NA',NULL,'NA',NULL,'2017-11-28 16:01:44','2017-11-28 16:01:44','2017-11-28 16:01:44','2017-11-28 16:01:44',NULL,0,NULL,NULL,NULL),(125,105,'DIGITEK FLASH','DFL-011B','NIL',1,'','',0,'','',' display glass assy replace only','DISPLAY GLASS BREAK','','DTC','','2017-11-29 13:34:54','2017-11-29 13:38:46','2017-11-29 13:34:54','0',NULL,'NCE/2017-18/136',NULL,NULL,NULL,'2763039355V','200','350',NULL,'NA',NULL,'NA',NULL,'NA',NULL,'2017-11-29 13:38:46','2017-12-13 14:20:19','2017-11-29 13:38:46','2017-11-29 13:38:46',NULL,0,'','',''),(126,106,'NIKON CAMERA','S-6500','11011397',1,'','Salt Water Damage,Scratch on Body',0,'','',' unrepaired returned','NOT WORKING','UNIT DEAD','DTC','','2017-11-29 19:34:30','2017-11-29 19:37:10','2017-11-29 19:34:30','0',NULL,'NCE/2017-18/137',NULL,NULL,NULL,'2763039355V','248','0',NULL,'NA',NULL,'NA',NULL,'NA',NULL,'2017-11-29 19:37:10','2017-12-08 17:57:10','2017-11-29 19:37:10','2017-11-29 19:37:10',NULL,0,'','',''),(127,107,'BUSHNELL BINOCULAR','10X50','NIL',1,'','fungus in side the glass,Scratch on Body,Water Damage',0,'','',NULL,'focusing not cleared','focusing problem','NS','','2017-11-30 13:09:11','2017-11-30 13:13:01','2017-11-30 13:09:11','0',NULL,'NCE/2017-18/138',NULL,NULL,NULL,'2763039355V','0',NULL,NULL,'NA',NULL,'NA',NULL,'NA',NULL,'2017-11-30 13:13:01','2017-11-30 13:13:01','2017-11-30 13:13:01','2017-11-30 13:13:01',NULL,0,NULL,NULL,NULL),(128,107,'SEARS BINOCULAR','7X50','6272',1,'NIL','fungus in side the lens',0,'','',NULL,'','lens & prism cleaning only','NS','','2017-11-30 13:13:53','2017-11-30 13:16:58','2017-11-30 13:13:53','0',NULL,'NCE/2017-18/139',NULL,NULL,NULL,'2763039355V','0',NULL,NULL,'NA',NULL,'NA',NULL,'NA',NULL,'2017-11-30 13:16:58','2017-11-30 13:16:58','2017-11-30 13:16:58','2017-11-30 13:16:58',NULL,0,NULL,NULL,NULL),(129,108,'DIGITEK FLASH','DFL-300T-079IRT-N','138663822',1,'','FLASH NOT FIRE',0,'','',' replace IGBT only','','TRIGGER PROBLEM','DTC','','2017-11-30 14:01:28','2017-11-30 14:04:17','2017-11-30 14:01:28','0',NULL,'NCE/2017-18/140',NULL,NULL,NULL,'2763039355V','0','400',NULL,'NA',NULL,'NA',NULL,'NA',NULL,'2017-11-30 14:04:17','2017-12-11 13:54:01','2017-11-30 14:04:17','2017-11-30 14:04:17',NULL,0,'','',''),(130,109,'YONGNUO FLASH','YN468-II','46009368',1,'NIL','',0,'','',' servicing done','HOT SHOE  ONE SCREW MISSING/ REFLECTOR BREAK','NOT WORKING','DTC','','2017-11-30 17:03:46','2017-11-30 17:12:27','2017-11-30 17:03:46','0',NULL,'NCE/2017-18/141',NULL,NULL,NULL,'2763039355V','0','250',NULL,'NA',NULL,'NA',NULL,'NA',NULL,'2017-11-30 17:12:27','2017-12-05 18:47:42','2017-11-30 17:12:27','2017-11-30 17:12:27',NULL,0,'','',''),(131,110,'SONY','NX -5','NIL',1,'SONY BATTERY NP-F570','',0,'','',' servicing done','','SERVICING & CLEANING& MOISTURE CLEANING','DTC','','2017-12-04 11:50:18','2017-12-04 13:57:57','2017-12-04 11:50:18','0',NULL,'NCE/2017-18/142',NULL,NULL,NULL,'2763039355V','0','500',NULL,'NA',NULL,'NA',NULL,'NA',NULL,'2017-12-04 13:57:57','2017-12-07 13:05:23','2017-12-04 13:57:57','2017-12-04 13:57:57',NULL,0,'','',''),(132,111,'DIGITEK FLASH','DFL-011M-059IRT','139106902',1,'NIL','Scratch on Body',0,'','',' REPLACE FLASH TUBE ASSY Rs.600/-','TRIGGER PROBLAM','FLASH TUBE PROBLEM','DTC','','2017-12-06 16:30:54','2017-12-06 16:35:17','2017-12-06 16:30:54','0',NULL,'NCE/2017-18/143',NULL,NULL,NULL,'2763039355V','0','600',NULL,'NA',NULL,'NA',NULL,'NA',NULL,'2017-12-06 16:35:17','2017-12-19 15:08:34','2017-12-06 16:35:17','2017-12-06 16:35:17',NULL,0,'','',''),(133,112,'DIGITEK  FLASH','DFL-003','NIL',1,'NIL','Scratch on Body',0,'','',' checked flash  & it needs to be replace main pcb assy Rs.450/-','NOT WORKING','UNIT DEAD','DTC','','2017-12-06 16:57:30','2017-12-06 17:00:38','2017-12-06 16:57:30','0',NULL,'NCE/2017-18/144',NULL,NULL,NULL,'2763039355V','0','600',NULL,'NA','  checked flash  & it needs to be replace main pcb assy Rs.450/-\nwork done','NA',NULL,'NA',NULL,'2017-12-13 11:02:00','2017-12-11 20:32:48','2017-12-06 17:00:38','2017-12-06 17:00:38',NULL,0,'','',''),(134,113,'CANON EOS','760D','128032002021',1,'canon battery LP-E17','',0,'','',NULL,'','MEMORY CARD NOT READING IN CAMERA','NS','','2017-12-06 17:04:49','2017-12-06 20:16:56','2017-12-06 17:04:49','0',NULL,'NCE/2017-18/145',NULL,NULL,NULL,'2763039355V','0',NULL,NULL,'NA',NULL,'NA',NULL,'NA',NULL,'2017-12-06 20:16:56','2017-12-06 20:16:56','2017-12-06 20:16:56','2017-12-06 20:16:56',NULL,0,NULL,NULL,NULL),(135,114,'CANON EOS','600D','028078019559',1,'canon battery LP-E 8,Body Cap','Scratch on Body,Scratches on Focusing Screen',0,'','',' servicing & cleaning done','flash pop up problem/some time work','ccd cleaning/servicing only','DTC','','2017-12-08 13:26:42','2017-12-08 13:30:59','2017-12-08 13:26:42','0',NULL,'NCE/2017-18/146',NULL,NULL,NULL,'2763039355V','0','1000',NULL,'NA',NULL,'NA',NULL,'NA',NULL,'2017-12-08 13:30:59','2017-12-08 18:15:32','2017-12-08 13:30:59','2017-12-08 13:30:59',NULL,0,'','',''),(136,115,'SONY','DSC HX 7V','5263916',1,'NIL','Salt Water Damage,fungus in side the lens',0,'','','camera needs to be replace on -off board /temporarily cleaning done ','shutter  & on-off button some times not working','servicing / lens cleaning','C','','2017-12-08 15:01:02','2017-12-08 15:05:07','2017-12-08 15:01:02','0',NULL,'NCE/2017-18/147',NULL,NULL,NULL,'2763039355V','0',NULL,NULL,'NA','camera take back customer Dt:-11/12/17','NA',NULL,'NA',NULL,'2017-12-11 20:22:28','2017-12-11 20:21:13','2017-12-08 15:05:07','2017-12-08 15:05:07',NULL,0,NULL,NULL,NULL),(137,116,'DIGITEK FLASH','DFL-003','17M09S2702829',1,'','TRIGGER PROBLEM',0,'','',' tube & trigger coil replace','ready lite on but some times fire only','some times fire only','DTC','','2017-12-08 15:14:01','2017-12-08 15:17:00','2017-12-08 15:14:01','0',NULL,'NCE/2017-18/148',NULL,NULL,NULL,'2763039355V','250','0',NULL,'NA',NULL,'NA',NULL,'NA',NULL,'2017-12-08 15:17:00','2017-12-08 19:26:06','2017-12-08 15:17:00','2017-12-08 15:17:00',NULL,0,'','',''),(138,117,'NIKON','L-110','70133946',1,'NIL','Fungus in side the lens',0,'','',' need servicing only/\ndc to dc connector replacement Rs.1500/-','not working (unit Dead)','','DTC','','2017-12-09 14:17:06','2017-12-09 14:19:46','2017-12-09 14:17:06','0',NULL,'NCE/2017-18/149',NULL,NULL,NULL,'2763039355V','0','1500',NULL,'NA','WORK DONE','NA',NULL,'NA',NULL,'2017-12-13 16:50:46','2017-12-13 10:56:51','2017-12-09 14:19:46','2017-12-09 14:19:46',NULL,0,'','',''),(139,118,'FUJI CAMERA','FINEPIX-S 700','7W504686',1,'Lens Cap front','Scratch on Body',0,'','',' WHILE CAMERA OPENED FOCUSING SENSOR IS DAMAGE NEED TO REPLACE SENSOR ','MODE DIAL SWITCH BREAK','FOCUSING PROBLEM/SERVICING','CA','','2017-12-09 15:59:52','2017-12-09 16:06:27','2017-12-09 15:59:52','0',NULL,'NCE/2017-18/150',NULL,NULL,NULL,'2763039355V','0',NULL,NULL,'NA',NULL,'NA',NULL,'NA',NULL,'2017-12-09 16:06:27','2017-12-19 19:06:30','2017-12-09 16:06:27','2017-12-09 16:06:27',NULL,0,NULL,NULL,NULL),(140,119,'NIKON','COOLPIX S2600','74050696',1,'NIL','Scratch on Body',0,'','','NEED TO REPLACE LENS HELICOID RING / SERVICING & LENS CLEANING ','LENS HELICOID NOT WORKING','LENS NOT COME OUT/SERVICING','DTC','','2017-12-09 18:35:32','2017-12-09 18:41:28','2017-12-09 18:35:32','0',NULL,'NCE/2017-18/151',NULL,NULL,NULL,'2763039355V','0','1950',NULL,'NA',' NEED TO REPLACE LENS HELICOID RING / SERVICING & LENS CLEANING\nwork done ','NA',NULL,'NA',NULL,'2017-12-16 18:41:45','2017-12-15 15:35:44','2017-12-09 18:41:28','2017-12-09 18:41:28',NULL,0,'','',''),(141,34,'SONY CAMERA','DSC-HX10V','8266125',1,'NIL','Scratch on Body',0,'','','REPLACE LENS UNIT ASSY/SERVICING DONE  Rs.3500/-','','SOME WHITE SPOT ON THE PICTURE','DTC','','2017-12-11 17:40:34','2017-12-11 17:44:00','2017-12-11 17:40:34','0',NULL,'NCE/2017-18/152',NULL,NULL,NULL,'2763039355V','0','3500',NULL,'NA',NULL,'NA',NULL,'NA',NULL,'2017-12-11 17:44:00','2017-12-22 15:52:04','2017-12-11 17:44:00','2017-12-11 17:44:00',NULL,0,'','',''),(142,131,'TAMRON LENS','70-300MM1:4-5.6','603113',1,'Lens Cap Back,Lens Cap front','',0,'','',NULL,'','AUTO FOCUS NOT WORKING/SERVICING & LENS CLEANING','NS','','2017-12-13 15:27:05','2017-12-13 15:30:59','2017-12-13 15:27:05','0',NULL,'NCE/2017-18/153',NULL,NULL,NULL,'2763039355V','0',NULL,NULL,'NA',NULL,'NA',NULL,'NA',NULL,'2017-12-13 15:30:59','2017-12-13 15:30:59','2017-12-13 15:30:59','2017-12-13 15:30:59',NULL,0,NULL,NULL,NULL),(143,132,'CANON BODY','EOS 7D','068021003701',1,'canon battery LP-E6N,BELT','Scratch on Body,Scratches on Focusing Screen',0,'','','  CCD CLEANING & BODY SERVICING DONE Rs. 2000/-\n','','CCD CLEANING & BODY SERVICING','DTC','','2017-12-14 16:48:03','2017-12-14 16:53:39','2017-12-14 16:48:03','0',NULL,'NCE/2017-18/154',NULL,NULL,NULL,'2763039355V','0','2000',NULL,'NA',NULL,'NA',NULL,'NA',NULL,'2017-12-14 16:53:39','2017-12-19 12:19:34','2017-12-14 16:53:39','2017-12-14 16:53:39',NULL,0,'','',''),(144,133,'CANON LENS','EF 500MM 1:4L IS IIUSM','160000126',1,'BELT','DUST CLEANING ONLY',0,'','',' SERVICING & LENS CLEANING DONE Rs.3500/-','SERVICING & LENS CLEANING','','DTC','','2017-12-14 16:55:27','2017-12-14 17:02:23','2017-12-14 16:55:27','0',NULL,'NCE/2017-18/155',NULL,NULL,NULL,'2763039355V','0','3500',NULL,'NA',NULL,'NA',NULL,'NA',NULL,'2017-12-14 17:02:23','2017-12-19 12:12:51','2017-12-14 17:02:23','2017-12-14 17:02:23',NULL,0,'','',''),(145,134,'NIKON COOLPIX','P-500','70117733',1,'NIKON BATTERY EN-EL 5','DUST IN SIDE DISPLAY',0,'','',' WHILE CAMERA OPENED THERE ARE SOME MOISTURE & HARD DUST FOUND ON PCB & SWITCHES  ','UNIT DEAD NOT WORKING','NOT WORKING','TH','','2017-12-15 14:33:49','2017-12-15 14:38:21','2017-12-15 14:33:49','0',NULL,'NCE/2017-18/156',NULL,NULL,NULL,'2763039355V','0',NULL,NULL,'NA',NULL,'NA',NULL,'NA',NULL,'2017-12-15 14:38:21','2017-12-19 18:51:39','2017-12-15 14:38:21','2017-12-15 14:38:21',NULL,0,NULL,NULL,NULL),(146,135,'DIGITEK FLASH','DFL-300T-079IRT-(N)','138664025',1,'WITH CASE ONLY','',0,'','',NULL,'UNIT DEAD','NOT WORKING','NS','','2017-12-15 14:43:01','2017-12-15 15:28:13','2017-12-15 14:43:01','0',NULL,'NCE/2017-18/157',NULL,NULL,NULL,'2763039355V','0',NULL,NULL,'NA',NULL,'NA',NULL,'NA',NULL,'2017-12-15 15:28:13','2017-12-15 15:28:13','2017-12-15 15:28:13','2017-12-15 15:28:13',NULL,0,NULL,NULL,NULL),(147,136,'SIMPEX FLASH','VT531','NIL',1,'NIL','Scratch on Body',1,'TIRUPATI','0240-6099999',NULL,'','1) SIMPEX UNIT DEAD (not working)\n2) DIGITEK Ready lit on but not trigger','NS','180500075011','2017-12-19 12:20:52','2017-12-19 12:43:46','2017-12-19 12:20:52','0',NULL,'NCE/2017-18/158',NULL,NULL,NULL,'2763039355V','0',NULL,NULL,'NA',NULL,'NA',NULL,'NA',NULL,'2017-12-19 12:43:46','2017-12-19 12:43:46','2017-12-19 12:43:46','2017-12-19 12:43:46',NULL,0,NULL,NULL,NULL),(148,137,'KODAK CAMERA','C 143','KCGMU04241420',1,'NIL','',0,'','',' SERVICING DONE Rs.250/-','','IN CAMERA MEMORY CARD NOT READING/SERVIVING','DTC','','2017-12-19 12:50:42','2017-12-19 12:54:12','2017-12-19 12:50:42','0',NULL,'NCE/2017-18/159',NULL,NULL,NULL,'2763039355V','250','0',NULL,'NA',NULL,'NA',NULL,'NA',NULL,'2017-12-19 12:54:12','2017-12-19 18:45:35','2017-12-19 12:54:12','2017-12-19 12:54:12',NULL,0,'','',''),(149,144,'DIGITEK STUDIO LIGHT','DSF-400 PRO','12052279',1,'Lens Cap front','',0,'','',' replace tripod shoe & radio trigger circuit only Rs.1950/-','TRIPOD SOCKET  BREAK','TRIGGER PROBLEM/ RIGHT SIDE MODE LIGHT NOT WORKING/REMOTELY NOT WORKING','DTC','','2017-12-19 20:26:50','2017-12-19 20:33:05','2017-12-19 20:26:50','0',NULL,'NCE/2017-18/160',NULL,NULL,NULL,'2763039355V','0','1950',NULL,'NA',NULL,'NA',NULL,'NA',NULL,'2017-12-19 20:33:05','2017-12-21 13:40:07','2017-12-19 20:33:05','2017-12-19 20:33:05',NULL,0,'','',''),(150,145,'NIKON LENS','AF-S 300MM 1:4D-ED','334908',1,'Lens Cap Back,Lens Cap front','FUNGUS IN SIDE THE LENS',0,'','',' lens cleaning required Rs.4500/-','','LENS CLEANING ONLY','TH','','2017-12-20 18:34:00','2017-12-20 18:43:47','2017-12-20 18:34:00','0',NULL,'NCE/2017-18/161',NULL,NULL,NULL,'2763039355V','0',NULL,NULL,'NA',NULL,'NA',NULL,'NA',NULL,'2017-12-20 18:43:47','2017-12-23 14:19:46','2017-12-20 18:43:47','2017-12-20 18:43:47',NULL,0,NULL,NULL,NULL),(151,146,'SONY CAMERA','DSC-WX 1','2634021',1,'NIL','Salt Water Damage,Scratch on Body',0,'','',' need to be replace focusing base assy & servicing Rs.2525/-','DISPLAY SHOWING SYSTEM ERROR','LENS NOT COME OUT/NOT WORKING/SERVICING','TH','','2017-12-21 14:19:05','2017-12-21 14:22:40','2017-12-21 14:19:05','0',NULL,'NCE/2017-18/162',NULL,NULL,NULL,'2763039355V','0',NULL,NULL,'NA',NULL,'NA',NULL,'NA',NULL,'2017-12-21 14:22:40','2017-12-23 14:18:20','2017-12-21 14:22:40','2017-12-21 14:22:40',NULL,0,NULL,NULL,NULL),(152,147,'NIKON LENS','AF-S 18-105MM 1:3.5-5.6G ED','35834838',1,'Lens Cap front,Marumi filter 67mm','',0,'','',' zoom baral ring replace only Rs.250/-','','zoom baral ring replacement only','DTC','','2017-12-25 11:39:13','2017-12-25 11:49:32','2017-12-25 11:39:13','0',NULL,'NCE/2017-18/163',NULL,NULL,NULL,'2763039355V','0','250',NULL,'NA',NULL,'NA',NULL,'NA',NULL,'2017-12-25 11:49:32','2017-12-26 19:28:51','2017-12-25 11:49:32','2017-12-25 11:49:32',NULL,0,'','',''),(153,147,'TAMRON LENS','SP-150-600MMF-5-6.3DI','034886',1,'Lens Cap Back,Lens Cap front','Fungus in side the lens',0,'','',' lens cleaning done Rs.2000/-','','','DTC','','2017-12-25 11:50:16','2017-12-25 11:54:12','2017-12-25 11:50:16','0',NULL,'NCE/2017-18/164',NULL,NULL,NULL,'2763039355V','0','2000',NULL,'NA',NULL,'NA',NULL,'NA',NULL,'2017-12-25 11:54:12','2017-12-26 19:27:52','2017-12-25 11:54:12','2017-12-25 11:54:12',NULL,0,'','',''),(154,148,'CANON CAMERA','EOS -5D','3431302000',1,'for canon HL-511 battery,canon charger','',0,'','',NULL,'','CCD cleaning only','NS','','2017-12-25 12:54:40','2017-12-25 13:00:42','2017-12-25 12:54:40','0',NULL,'NCE/2017-18/165',NULL,NULL,NULL,'2763039355V','0',NULL,NULL,'NA',NULL,'NA',NULL,'NA',NULL,'2017-12-25 13:00:42','2017-12-25 13:00:42','2017-12-25 13:00:42','2017-12-25 13:00:42',NULL,0,NULL,NULL,NULL),(155,98,'NIKON FLASH','SB-600','2850398',1,'NIL','',0,'','',NULL,'TRIGGER PROBLEM ONLY','FLASH NOT FIRE','NS','','2017-12-25 13:04:14','2017-12-25 13:08:25','2017-12-25 13:04:14','0',NULL,'NCE/2017-18/166',NULL,NULL,NULL,'2763039355V','0',NULL,NULL,'NA',NULL,'NA',NULL,'NA',NULL,'2017-12-25 13:08:25','2017-12-25 13:08:25','2017-12-25 13:08:25','2017-12-25 13:08:25',NULL,0,NULL,NULL,NULL),(156,149,'NIKON CAMERA','D-3100','8297185',1,'nikon battery EN-EL 14','Dust In View Finder,Scratches on Focusing Screen,Scratch on Body',0,'','',NULL,'','CCD cleaning & Body servicing','NS','','2017-12-25 13:09:01','2017-12-25 14:19:06','2017-12-25 13:09:01','0',NULL,'NCE/2017-18/167',NULL,NULL,NULL,'2763039355V','0',NULL,NULL,'NA',NULL,'NA',NULL,'NA',NULL,'2017-12-25 14:19:06','2017-12-25 14:19:06','2017-12-25 14:19:06','2017-12-25 14:19:06',NULL,0,NULL,NULL,NULL),(157,149,'NIKON LENS','AF-S 18-55MM 1:3.5-5.6G','50020628',1,'Lens Cap front,Filter UV,TIFFEN 52MM','',0,'','',NULL,'','LENS CLEANING','NS','','2017-12-25 14:19:48','2017-12-25 14:25:20','2017-12-25 14:19:48','0',NULL,'NCE/2017-18/168',NULL,NULL,NULL,'2763039355V','0',NULL,NULL,'NA',NULL,'NA',NULL,'NA',NULL,'2017-12-25 14:25:20','2017-12-25 14:25:20','2017-12-25 14:25:20','2017-12-25 14:25:20',NULL,0,NULL,NULL,NULL);

/*Table structure for table `service_info_table1` */

DROP TABLE IF EXISTS `service_info_table1`;

CREATE TABLE `service_info_table1` (
  `id` int(30) NOT NULL AUTO_INCREMENT,
  `customerId` int(11) NOT NULL,
  `productName` varchar(60) DEFAULT NULL,
  `productModel` varchar(60) DEFAULT NULL,
  `productSN` varchar(60) DEFAULT NULL,
  `userId` int(11) NOT NULL,
  `accessoryList` varchar(60) DEFAULT NULL,
  `problemList` varchar(60) DEFAULT NULL,
  `isCourier` tinyint(1) DEFAULT '0',
  `courierName` varchar(30) DEFAULT NULL,
  `courierPhone` varchar(30) DEFAULT NULL,
  `techComment` varchar(120) DEFAULT NULL,
  `shopUserComment` varchar(120) DEFAULT NULL,
  `customerComment` varchar(120) DEFAULT NULL,
  `serviceStatus` varchar(20) DEFAULT NULL,
  `courierDocumentNo` varchar(30) DEFAULT NULL,
  `service_order_date` timestamp NOT NULL DEFAULT CURRENT_TIMESTAMP,
  `service_completion_date` timestamp NOT NULL DEFAULT CURRENT_TIMESTAMP,
  `tentative_service_completion_date` timestamp NOT NULL DEFAULT CURRENT_TIMESTAMP,
  `tentative_quoted_cost` varchar(40) DEFAULT '0',
  `actual_service_cost` varchar(40) DEFAULT NULL,
  `service_order_number` varchar(50) NOT NULL,
  `taxName` varchar(40) DEFAULT NULL,
  `taxRate` varchar(40) DEFAULT NULL,
  `taxValue` varchar(40) DEFAULT NULL,
  `vatTinNumber` varchar(60) DEFAULT NULL,
  `advancedPayment` varchar(40) DEFAULT NULL,
  `finalPayment` varchar(40) DEFAULT NULL,
  PRIMARY KEY (`id`),
  KEY `customerId` (`customerId`),
  KEY `userId` (`userId`),
  CONSTRAINT `service_info_table1_ibfk_1` FOREIGN KEY (`customerId`) REFERENCES `emp_customer_table` (`id`),
  CONSTRAINT `service_info_table1_ibfk_2` FOREIGN KEY (`userId`) REFERENCES `validemporiumuser` (`empId`)
) ENGINE=InnoDB DEFAULT CHARSET=utf8;

/*Data for the table `service_info_table1` */

/*Table structure for table `validemporiumuser` */

DROP TABLE IF EXISTS `validemporiumuser`;

CREATE TABLE `validemporiumuser` (
  `empId` int(11) NOT NULL AUTO_INCREMENT,
  `empName` varchar(20) DEFAULT NULL,
  `empPassword` varchar(20) DEFAULT NULL,
  `empRole` varchar(10) DEFAULT NULL,
  PRIMARY KEY (`empId`)
) ENGINE=InnoDB AUTO_INCREMENT=3 DEFAULT CHARSET=utf8;

/*Data for the table `validemporiumuser` */

insert  into `validemporiumuser`(`empId`,`empName`,`empPassword`,`empRole`) values (1,'admin','admin','ADMIN'),(2,'tech','tech','TECH');

/*!40101 SET SQL_MODE=@OLD_SQL_MODE */;
/*!40014 SET FOREIGN_KEY_CHECKS=@OLD_FOREIGN_KEY_CHECKS */;
/*!40014 SET UNIQUE_CHECKS=@OLD_UNIQUE_CHECKS */;
/*!40111 SET SQL_NOTES=@OLD_SQL_NOTES */;
